campanha,servico,plataforma,inicio,fim,investimento,cliques,impressoes,ctr,leads,cpl,conversoes,cpa,receita,roi,automacoes_executadas,posts_publicados,engajamento
Black Friday - Google,Social Media,Google Ads,2024-11-20,2024-11-30,5202.39,3985,172900,2.3,412,12.63,62,83.91,72734.21,1298.09,0,12,11.65
Anúncio Institucional - Email,Tráfego Pago,Email Marketing,2024-03-28,2024-05-23,4967.85,21727,220864,9.84,7203,0.69,4762,1.04,2072173.29,41611.67,0,0,0.0
Lançamento Produto - Facebook,Social Media,Facebook Ads,2025-03-01,2025-04-06,1408.9,3759,300083,1.25,153,9.21,82,17.18,133223.58,9355.86,0,21,0.5
Campanha de Conversão - Email,Automações,Email Marketing,2024-09-23,2024-10-05,5998.12,16498,409995,4.02,5791,1.04,4308,1.39,2389263.65,39733.54,44,0,0.0
Lançamento Produto - Instagram,Tráfego Pago,Instagram Ads,2023-02-28,2023-04-12,6569.45,33687,219635,15.34,7239,0.91,3659,1.8,5210843.4,79219.33,0,0,0.0
Black Friday - Facebook,Copywriting,Facebook Ads,2023-09-17,2023-11-12,5229.72,20253,204582,9.9,2432,2.15,1040,5.03,72382.14,1284.05,0,0,7.02
Natal Antecipado - Google,Social Media,Google Ads,2025-01-16,2025-03-04,5950.07,66978,424752,15.77,26248,0.23,10168,0.59,19327159.03,324722.38,0,4,11.11
Anúncio Institucional - Instagram,Tráfego Pago,Instagram Ads,2024-03-21,2024-04-06,6954.43,16237,196763,8.25,3766,1.85,1252,5.55,2396824.14,34364.71,0,0,0.0
Promoção Relâmpago - WhatsApp,Design,WhatsApp,2024-02-29,2024-04-27,9136.21,16436,110933,14.82,5863,1.56,620,14.74,174103.45,1805.64,0,0,6.33
Anúncio Institucional - Email,Social Media,Email Marketing,2023-05-26,2023-07-10,5404.47,6473,32963,19.64,598,9.04,425,12.72,409557.51,7478.13,0,9,8.45
Campanha de Engajamento - TikTok,Automações,TikTok Ads,2025-04-01,2025-05-30,7205.41,4632,142075,3.26,2096,3.44,774,9.31,1453417.18,20071.19,5,0,0.0
Captação de Leads - Facebook,Social Media,Facebook Ads,2024-03-09,2024-04-20,8464.13,13987,196276,7.13,6321,1.34,1338,6.33,2195166.51,25834.93,0,22,2.91
Natal Antecipado - WhatsApp,Design,WhatsApp,2025-06-05,2025-07-11,4388.38,4156,24353,17.07,1052,4.17,514,8.54,308499.81,6929.92,0,0,0.15
Natal Antecipado - Google,Automações,Google Ads,2024-02-21,2024-03-19,9504.39,77323,413783,18.69,20863,0.46,15828,0.6,7589596.24,79753.59,21,0,0.0
Anúncio Institucional - TikTok,Design,TikTok Ads,2023-06-12,2023-06-29,4807.92,22834,189644,12.04,1503,3.2,330,14.57,476807.34,9817.12,0,0,11.05
Anúncio Institucional - WhatsApp,Design,WhatsApp,2025-03-31,2025-05-19,3363.52,69483,357530,19.43,28733,0.12,15396,0.22,13363161.88,397196.94,0,0,7.49
Natal Antecipado - Facebook,Social Media,Facebook Ads,2025-03-14,2025-05-12,6155.27,9678,54299,17.82,2762,2.23,1306,4.71,406092.49,6497.48,0,19,1.07
Campanha de Conversão - Facebook,Tráfego Pago,Facebook Ads,2025-03-19,2025-05-02,5647.47,684,27017,2.53,0,0.0,0,0.0,0.0,-100.0,0,0,0.0
Natal Antecipado - Instagram,Copywriting,Instagram Ads,2025-02-09,2025-02-16,926.36,28361,322180,8.8,11977,0.08,10398,0.09,17526006.56,1891821.78,0,0,7.15
Captação de Leads - WhatsApp,Tráfego Pago,WhatsApp,2023-12-20,2024-01-19,9409.62,39803,211413,18.83,19799,0.48,3383,2.78,2464860.49,26095.11,0,0,0.0
Promoção Verão - Email,Tráfego Pago,Email Marketing,2023-06-06,2023-07-04,1681.59,82697,414915,19.93,6966,0.24,1871,0.9,1110814.99,65957.42,0,0,0.0
Captação de Leads - Instagram,Tráfego Pago,Instagram Ads,2023-09-29,2023-10-23,2075.16,2356,302395,0.78,385,5.39,224,9.26,364861.43,17482.33,0,0,0.0
Campanha de Engajamento - WhatsApp,Copywriting,WhatsApp,2023-10-21,2023-11-06,6588.51,20532,114232,17.97,6339,1.04,5626,1.17,2778275.38,42068.49,0,0,14.55
Captação de Leads - Facebook,Social Media,Facebook Ads,2023-05-14,2023-07-06,3009.08,32127,235213,13.66,611,4.92,313,9.61,129647.9,4208.56,0,9,5.6
Natal Antecipado - TikTok,Design,TikTok Ads,2023-04-26,2023-05-28,1041.44,6622,241824,2.74,818,1.27,398,2.62,162727.79,15525.27,0,0,14.95
Remarketing - Email,Design,Email Marketing,2024-12-02,2024-12-12,1215.18,64756,455529,14.22,16869,0.07,5677,0.21,10885163.84,895665.55,0,0,10.14
Anúncio Institucional - TikTok,Social Media,TikTok Ads,2023-08-21,2023-10-14,570.22,532,256910,0.21,154,3.7,124,4.6,118748.43,20725.02,0,1,4.58
Promoção Relâmpago - Google,Social Media,Google Ads,2024-09-19,2024-11-11,3216.23,1366,182694,0.75,224,14.36,148,21.73,236998.84,7268.84,0,5,6.74
Campanha de Engajamento - Instagram,Social Media,Instagram Ads,2023-02-06,2023-03-23,4121.4,50286,405648,12.4,228,18.08,117,35.23,135529.15,3188.43,0,16,5.85
Anúncio Institucional - Email,Copywriting,Email Marketing,2024-12-12,2025-01-13,690.47,10503,60387,17.39,4371,0.16,3298,0.21,5765861.34,834963.27,0,0,3.27
Lançamento Produto - Facebook,Automações,Facebook Ads,2023-08-16,2023-09-17,5037.75,16316,96754,16.86,3162,1.59,2511,2.01,2688732.21,53271.69,2,0,0.0
Anúncio Institucional - Google,Social Media,Google Ads,2024-11-26,2025-01-16,3577.71,50673,282238,17.95,20637,0.17,6415,0.56,4156159.05,116068.14,0,9,6.9
Campanha de Engajamento - TikTok,Social Media,TikTok Ads,2023-04-17,2023-05-08,8120.13,893,136266,0.66,228,35.61,30,270.67,20638.73,154.17,0,8,7.29
Natal Antecipado - Instagram,Design,Instagram Ads,2023-04-04,2023-05-04,2822.52,15893,497032,3.2,5430,0.52,4237,0.67,2503245.25,88588.31,0,0,6.58
Natal Antecipado - WhatsApp,Social Media,WhatsApp,2025-06-29,2025-08-01,5841.68,7315,239205,3.06,3457,1.69,3364,1.74,6477906.6,110791.16,0,13,8.32
Promoção Verão - Email,Copywriting,Email Marketing,2024-12-02,2025-01-02,8883.08,1582,16422,9.63,418,21.25,376,23.63,412274.35,4541.12,0,0,13.26
Captação de Leads - TikTok,Copywriting,TikTok Ads,2023-08-06,2023-09-09,4660.94,10459,65498,15.97,3603,1.29,3398,1.37,2915332.36,62448.16,0,0,8.35
Promoção Verão - Facebook,Copywriting,Facebook Ads,2025-05-23,2025-06-04,7751.54,1670,8690,19.22,746,10.39,678,11.43,705352.06,8999.51,0,0,2.3
Captação de Leads - Facebook,Tráfego Pago,Facebook Ads,2025-04-19,2025-06-15,4589.58,7502,64729,11.59,762,6.02,180,25.5,276970.69,5934.77,0,0,0.0
Promoção Relâmpago - Google,Tráfego Pago,Google Ads,2023-10-02,2023-10-22,2656.06,15102,87202,17.32,3776,0.7,3680,0.72,2737756.12,102975.84,0,0,0.0
Lançamento Produto - Instagram,Tráfego Pago,Instagram Ads,2024-04-23,2024-06-15,3763.16,44207,288503,15.32,16078,0.23,10796,0.35,8403915.91,223220.72,0,0,0.0
Black Friday - TikTok,Design,TikTok Ads,2025-03-14,2025-04-14,1392.4,5143,429806,1.2,1009,1.38,354,3.93,575619.76,41240.11,0,0,9.74
Natal Antecipado - Email,Tráfego Pago,Email Marketing,2025-04-03,2025-05-20,5059.09,46445,261011,17.79,17498,0.29,5352,0.95,6043502.72,119358.3,0,0,0.0
Natal Antecipado - WhatsApp,Automações,WhatsApp,2024-12-18,2025-01-31,3030.89,61219,351294,17.43,6810,0.45,935,3.24,235364.91,7665.54,47,0,0.0
Natal Antecipado - Google,Tráfego Pago,Google Ads,2025-02-09,2025-03-15,659.37,51656,277331,18.63,11811,0.06,6780,0.1,9153635.0,1388139.53,0,0,0.0
Anúncio Institucional - Google,Automações,Google Ads,2025-01-31,2025-02-25,7707.1,31802,310731,10.23,8543,0.9,1186,6.5,2069173.36,26747.63,11,0,0.0
Black Friday - Facebook,Tráfego Pago,Facebook Ads,2023-11-16,2024-01-01,7881.57,4195,375540,1.12,70,112.59,34,231.81,46317.62,487.67,0,0,0.0
Captação de Leads - Email,Design,Email Marketing,2023-03-13,2023-05-03,9251.99,93903,494437,18.99,11096,0.83,8835,1.05,5532385.12,59696.7,0,0,11.35
Natal Antecipado - Instagram,Copywriting,Instagram Ads,2025-06-18,2025-07-21,654.01,31214,298787,10.45,11577,0.06,3460,0.19,4919549.3,752113.16,0,0,13.33
Promoção Verão - WhatsApp,Automações,WhatsApp,2024-04-30,2024-05-29,5486.1,14695,408166,3.6,3948,1.39,1457,3.77,899447.64,16295.03,34,0,0.0
Promoção Verão - Email,Automações,Email Marketing,2023-07-30,2023-09-13,8755.13,45103,443332,10.17,799,10.96,621,14.1,72027.21,722.69,42,0,0.0
Campanha de Conversão - Email,Copywriting,Email Marketing,2024-12-20,2024-12-28,662.11,9023,160448,5.62,2238,0.3,1336,0.5,2590302.52,391119.36,0,0,12.62
Campanha de Engajamento - Facebook,Tráfego Pago,Facebook Ads,2023-09-04,2023-10-11,5972.56,6649,303980,2.19,548,10.9,162,36.87,84245.73,1310.55,0,0,0.0
Campanha de Engajamento - Email,Tráfego Pago,Email Marketing,2023-01-14,2023-02-27,1857.83,49509,488851,10.13,13278,0.14,7363,0.25,4007924.25,215631.49,0,0,0.0
Promoção Verão - TikTok,Social Media,TikTok Ads,2024-05-17,2024-06-14,2544.29,21619,205588,10.52,4962,0.51,3516,0.72,6690123.88,262846.59,0,2,1.95
Natal Antecipado - Google,Social Media,Google Ads,2024-12-29,2025-02-05,7799.06,7678,44998,17.06,1060,7.36,1005,7.76,1742641.56,22244.25,0,4,7.3
Promoção Relâmpago - TikTok,Social Media,TikTok Ads,2024-06-11,2024-07-12,1048.53,15922,171207,9.3,1936,0.54,758,1.38,314707.55,29914.17,0,19,5.31
Campanha de Engajamento - TikTok,Automações,TikTok Ads,2023-01-06,2023-03-01,6758.2,56968,379468,15.01,22098,0.31,4191,1.61,4804978.63,70998.5,19,0,0.0
Lançamento Produto - Facebook,Design,Facebook Ads,2024-05-18,2024-07-17,2033.44,70068,365541,19.17,31301,0.06,14114,0.14,3179055.11,156238.77,0,0,0.48
Campanha de Engajamento - WhatsApp,Tráfego Pago,WhatsApp,2023-07-17,2023-08-11,7728.93,62987,471995,13.34,27379,0.28,25126,0.31,19997791.21,258639.45,0,0,0.0
Remarketing - Google,Tráfego Pago,Google Ads,2024-11-22,2025-01-05,2907.46,25491,350643,7.27,12323,0.24,511,5.69,711043.69,24355.84,0,0,0.0
Lançamento Produto - TikTok,Copywriting,TikTok Ads,2025-04-02,2025-05-01,9219.01,20146,464861,4.33,8851,1.04,3919,2.35,5463299.63,59161.24,0,0,0.23
Black Friday - TikTok,Copywriting,TikTok Ads,2023-03-27,2023-04-15,7684.91,4039,39364,10.26,22,349.31,2,3842.45,487.09,-93.66,0,0,8.37
Campanha de Conversão - WhatsApp,Tráfego Pago,WhatsApp,2023-08-20,2023-09-01,7930.85,18993,121321,15.66,9474,0.84,7701,1.03,5684418.23,71574.77,0,0,0.0
Lançamento Produto - TikTok,Copywriting,TikTok Ads,2023-12-18,2024-01-30,8958.39,18465,172156,10.73,4330,2.07,1949,4.6,2860898.99,31835.41,0,0,3.59
Captação de Leads - Google,Tráfego Pago,Google Ads,2024-06-29,2024-07-29,7492.6,7171,113170,6.34,1202,6.23,372,20.14,308598.8,4018.71,0,0,0.0
Black Friday - Facebook,Copywriting,Facebook Ads,2024-04-04,2024-05-04,1697.0,50437,344401,14.64,508,3.34,266,6.38,274375.02,16068.24,0,0,1.17
Remarketing - Email,Tráfego Pago,Email Marketing,2024-01-18,2024-03-12,4176.4,5400,63236,8.54,2310,1.81,622,6.71,1178056.47,28107.46,0,0,0.0
Captação de Leads - Instagram,Copywriting,Instagram Ads,2025-04-16,2025-05-15,9778.23,12250,319445,3.83,1796,5.44,1581,6.18,146064.49,1393.77,0,0,11.13
Campanha de Conversão - Facebook,Design,Facebook Ads,2023-04-08,2023-04-24,8906.58,2579,42532,6.06,265,33.61,109,81.71,176202.28,1878.34,0,0,10.93
Campanha de Engajamento - TikTok,Social Media,TikTok Ads,2023-08-10,2023-10-09,6990.21,661,9052,7.3,90,77.67,76,91.98,57818.29,727.13,0,10,13.92
Campanha de Conversão - Google,Design,Google Ads,2023-10-04,2023-10-12,8116.69,23247,139759,16.63,1679,4.83,490,16.56,754572.79,9196.56,0,0,3.58
Promoção Verão - Email,Design,Email Marketing,2025-03-01,2025-03-30,6622.45,27823,168221,16.54,12329,0.54,3222,2.06,4370811.15,65899.91,0,0,9.72
Anúncio Institucional - TikTok,Design,TikTok Ads,2023-07-25,2023-08-04,667.04,64643,356533,18.13,18318,0.04,8588,0.08,7768254.23,1164485.97,0,0,4.35
Remarketing - WhatsApp,Design,WhatsApp,2024-03-06,2024-04-14,5867.03,16691,292319,5.71,5001,1.17,4782,1.23,5530478.38,94163.68,0,0,0.78
Natal Antecipado - Instagram,Design,Instagram Ads,2024-05-02,2024-06-25,5420.49,554,22803,2.43,140,38.72,61,88.86,58491.25,979.08,0,0,10.28
Remarketing - Google,Social Media,Google Ads,2024-09-23,2024-10-26,9523.97,35177,449217,7.83,11822,0.81,6435,1.48,7029709.68,73710.71,0,30,1.76
Natal Antecipado - Google,Automações,Google Ads,2024-08-26,2024-09-29,6247.68,30220,453437,6.66,11891,0.53,11635,0.54,18210299.91,291372.99,35,0,0.0
Anúncio Institucional - Instagram,Automações,Instagram Ads,2023-06-06,2023-06-28,6092.76,53317,425316,12.54,10691,0.57,103,59.15,31790.01,421.77,47,0,0.0
Anúncio Institucional - WhatsApp,Design,WhatsApp,2025-06-02,2025-07-17,6971.61,11443,61258,18.68,3939,1.77,3353,2.08,3998880.99,57259.51,0,0,5.24
Promoção Relâmpago - Google,Tráfego Pago,Google Ads,2025-02-10,2025-03-07,7277.48,81659,433259,18.85,15388,0.47,8271,0.88,10552457.48,144901.53,0,0,0.0
Captação de Leads - TikTok,Automações,TikTok Ads,2023-06-16,2023-07-09,3901.47,16753,440806,3.8,8281,0.47,2508,1.56,3130603.42,80141.64,18,0,0.0
Campanha de Engajamento - TikTok,Design,TikTok Ads,2024-04-29,2024-06-14,4818.89,39683,302871,13.1,15463,0.31,11763,0.41,23393811.64,485360.59,0,0,7.78
Promoção Verão - Google,Copywriting,Google Ads,2023-06-10,2023-07-02,5574.14,8710,341916,2.55,2353,2.37,1253,4.45,444018.94,7865.69,0,0,14.3
Promoção Relâmpago - WhatsApp,Copywriting,WhatsApp,2024-02-11,2024-03-13,6461.59,21528,239340,8.99,332,19.46,45,143.59,88337.08,1267.11,0,0,10.56
Lançamento Produto - WhatsApp,Automações,WhatsApp,2024-03-09,2024-03-30,6625.47,50036,441161,11.34,7990,0.83,1206,5.49,2082116.78,31325.95,17,0,0.0
Captação de Leads - TikTok,Social Media,TikTok Ads,2024-01-12,2024-02-11,8918.45,32001,374913,8.54,1687,5.29,971,9.18,511215.01,5632.11,0,0,1.08
Promoção Verão - WhatsApp,Copywriting,WhatsApp,2025-03-08,2025-05-06,4421.79,1242,9533,13.03,505,8.76,156,28.34,239803.99,5323.23,0,0,8.9
Captação de Leads - TikTok,Tráfego Pago,TikTok Ads,2024-08-29,2024-09-25,7140.38,2610,158576,1.65,794,8.99,335,21.31,329864.43,4519.7,0,0,0.0
Promoção Relâmpago - Google,Design,Google Ads,2023-12-18,2023-12-26,7857.67,50652,474338,10.68,13536,0.58,3520,2.23,1748320.29,22149.86,0,0,6.87
Natal Antecipado - Google,Design,Google Ads,2024-01-21,2024-03-07,4579.86,23452,138630,16.92,10544,0.43,1564,2.93,2687773.95,58586.81,0,0,1.56
Campanha de Conversão - Email,Copywriting,Email Marketing,2025-04-21,2025-05-09,6492.87,19658,103881,18.92,5857,1.11,4187,1.55,3845094.69,59120.26,0,0,8.37
Promoção Verão - Facebook,Social Media,Facebook Ads,2025-04-28,2025-06-01,3873.66,4440,287339,1.55,145,26.71,90,43.04,121493.74,3036.41,0,8,10.2
Anúncio Institucional - Email,Social Media,Email Marketing,2025-01-23,2025-02-23,6878.78,24193,130659,18.52,8939,0.77,5204,1.32,9210633.29,133799.23,0,7,13.45
Campanha de Conversão - Email,Tráfego Pago,Email Marketing,2025-03-31,2025-05-03,1257.74,38860,294113,13.21,12192,0.1,3975,0.32,1435728.0,114051.41,0,0,0.0
Campanha de Engajamento - TikTok,Social Media,TikTok Ads,2025-03-14,2025-03-28,3582.37,11615,85505,13.58,1012,3.54,878,4.08,1438598.23,40057.72,0,16,6.93
Captação de Leads - Email,Tráfego Pago,Email Marketing,2023-10-30,2023-12-12,319.7,18056,99862,18.08,167,1.91,3,106.57,2465.81,671.29,0,0,0.0
Campanha de Engajamento - Email,Design,Email Marketing,2024-06-21,2024-07-22,7733.42,109,309771,0.04,37,209.01,5,1546.68,2193.04,-71.64,0,0,13.1
Campanha de Engajamento - WhatsApp,Automações,WhatsApp,2024-01-12,2024-02-28,9793.35,25801,161400,15.99,5856,1.67,3198,3.06,2243813.56,22811.6,47,0,0.0
Campanha de Engajamento - WhatsApp,Automações,WhatsApp,2024-09-13,2024-10-07,4565.93,5342,181803,2.94,2401,1.9,1327,3.44,1377247.44,30063.57,12,0,0.0
Anúncio Institucional - TikTok,Design,TikTok Ads,2025-03-04,2025-04-18,6912.0,3097,23235,13.33,322,21.47,294,23.51,542546.52,7749.34,0,0,9.46
Black Friday - TikTok,Social Media,TikTok Ads,2023-03-07,2023-03-17,8416.29,21791,154347,14.12,5559,1.51,1792,4.7,531249.95,6212.16,0,14,6.5
Lançamento Produto - Email,Copywriting,Email Marketing,2023-10-03,2023-10-15,7673.27,6293,490355,1.28,2858,2.68,766,10.02,1353684.74,17541.56,0,0,13.14
Promoção Verão - Email,Tráfego Pago,Email Marketing,2025-05-18,2025-06-07,6689.65,17493,137309,12.74,6377,1.05,4764,1.4,4754813.78,70977.17,0,0,0.0
Promoção Relâmpago - Google,Social Media,Google Ads,2023-09-11,2023-10-08,4655.65,22248,277937,8.0,8145,0.57,2536,1.84,3420415.96,73368.06,0,0,7.99
Campanha de Conversão - Google,Tráfego Pago,Google Ads,2023-02-23,2023-04-16,8854.41,84096,449586,18.71,10195,0.87,3070,2.88,3960186.24,44625.58,0,0,0.0
Promoção Verão - Facebook,Tráfego Pago,Facebook Ads,2025-06-19,2025-08-11,6770.23,24736,365514,6.77,6251,1.08,5475,1.24,4348572.98,64130.8,0,0,0.0
Campanha de Conversão - Google,Social Media,Google Ads,2024-08-30,2024-10-23,4666.59,9845,49893,19.73,4437,1.05,1872,2.49,585229.47,12440.84,0,14,13.41
Promoção Verão - Instagram,Tráfego Pago,Instagram Ads,2023-08-26,2023-10-13,4637.98,5531,204657,2.7,1762,2.63,1598,2.9,1076227.3,23104.66,0,0,0.0
Promoção Verão - Instagram,Automações,Instagram Ads,2024-05-19,2024-05-27,8058.62,758,13326,5.69,111,72.6,57,141.38,53245.21,560.72,46,0,0.0
Promoção Relâmpago - WhatsApp,Design,WhatsApp,2024-06-17,2024-07-25,6269.35,2483,358990,0.69,484,12.95,462,13.57,619195.73,9776.55,0,0,3.11
Captação de Leads - Instagram,Tráfego Pago,Instagram Ads,2024-03-28,2024-04-13,3331.71,40387,304855,13.25,3096,1.08,596,5.59,373542.64,11111.74,0,0,0.0
Campanha de Engajamento - WhatsApp,Design,WhatsApp,2025-04-20,2025-05-23,7320.06,33787,192065,17.59,747,9.8,42,174.29,72781.03,894.27,0,0,13.42
Campanha de Conversão - Google,Design,Google Ads,2023-01-28,2023-02-12,537.7,30424,185783,16.38,14198,0.04,12722,0.04,5575221.56,1036764.71,0,0,11.14
Campanha de Engajamento - Instagram,Copywriting,Instagram Ads,2024-09-19,2024-11-16,532.71,14003,154218,9.08,360,1.48,346,1.54,624116.44,117058.76,0,0,4.58
Promoção Verão - Facebook,Social Media,Facebook Ads,2023-07-26,2023-09-10,2311.43,19714,126617,15.57,5140,0.45,2029,1.14,2933971.53,126833.18,0,2,5.49
Campanha de Engajamento - Email,Tráfego Pago,Email Marketing,2023-05-26,2023-06-08,6101.18,21580,405711,5.32,2583,2.36,480,12.71,942449.58,15347.01,0,0,0.0
Campanha de Conversão - TikTok,Copywriting,TikTok Ads,2024-10-11,2024-11-11,9339.12,65855,372770,17.67,12002,0.78,6737,1.39,12923871.26,138284.25,0,0,14.09
Campanha de Conversão - Email,Copywriting,Email Marketing,2025-02-10,2025-03-03,8210.08,23261,224304,10.37,8785,0.93,4950,1.66,3662497.24,44509.76,0,0,6.5
Promoção Relâmpago - WhatsApp,Tráfego Pago,WhatsApp,2023-03-09,2023-05-02,6803.0,42230,393181,10.74,6267,1.09,5549,1.23,2968650.96,43537.38,0,0,0.0
Anúncio Institucional - WhatsApp,Copywriting,WhatsApp,2023-07-30,2023-08-16,8416.55,2498,46924,5.32,709,11.87,618,13.62,97911.92,1063.33,0,0,12.46
Remarketing - Google,Social Media,Google Ads,2024-12-24,2025-01-18,9540.28,8403,429233,1.96,3114,3.06,163,58.53,182420.83,1812.11,0,1,4.02
Natal Antecipado - Google,Copywriting,Google Ads,2023-12-24,2024-01-03,7677.89,31274,198007,15.79,1781,4.31,543,14.14,913511.71,11797.95,0,0,14.16
Campanha de Conversão - WhatsApp,Design,WhatsApp,2023-01-09,2023-03-03,8622.83,54218,386920,14.01,17808,0.48,6253,1.38,12433179.76,144089.09,0,0,9.62
Promoção Relâmpago - TikTok,Tráfego Pago,TikTok Ads,2025-06-02,2025-07-27,6593.61,65094,490317,13.28,1718,3.84,1098,6.01,2142275.08,32390.17,0,0,0.0
Remarketing - Instagram,Tráfego Pago,Instagram Ads,2024-08-10,2024-08-18,6602.72,20213,487813,4.14,2257,2.93,1936,3.41,3747892.92,56662.86,0,0,0.0
Captação de Leads - Email,Tráfego Pago,Email Marketing,2023-03-03,2023-03-25,5983.73,57220,330988,17.29,8215,0.73,6753,0.89,6530606.58,109039.39,0,0,0.0
Remarketing - TikTok,Design,TikTok Ads,2025-01-24,2025-02-12,8444.09,14417,387290,3.72,2606,3.24,679,12.44,595049.89,6946.94,0,0,8.67
Captação de Leads - Instagram,Copywriting,Instagram Ads,2023-09-19,2023-11-16,8251.74,21745,193429,11.24,8211,1.0,6270,1.32,2585610.15,31234.12,0,0,10.37
Promoção Relâmpago - TikTok,Design,TikTok Ads,2023-02-05,2023-03-10,1133.65,4622,95335,4.85,425,2.67,28,40.49,51389.22,4433.08,0,0,0.17
Black Friday - Facebook,Tráfego Pago,Facebook Ads,2024-10-07,2024-11-15,4039.03,43649,490747,8.89,21432,0.19,13089,0.31,4625126.71,114410.83,0,0,0.0
Anúncio Institucional - Facebook,Design,Facebook Ads,2023-01-27,2023-03-22,1254.61,11736,293380,4.0,3385,0.37,2902,0.43,2022054.2,161069.94,0,0,2.98
Campanha de Engajamento - Email,Tráfego Pago,Email Marketing,2023-07-21,2023-08-05,1043.37,5650,104546,5.4,2818,0.37,2161,0.48,3684835.81,353066.74,0,0,0.0
Lançamento Produto - Facebook,Social Media,Facebook Ads,2023-09-12,2023-10-02,2657.49,4975,227762,2.18,127,20.93,67,39.66,127134.86,4684.02,0,21,9.67
Promoção Verão - TikTok,Tráfego Pago,TikTok Ads,2023-11-20,2024-01-07,3473.3,16890,445554,3.79,957,3.63,158,21.98,27968.99,705.26,0,0,0.0
Black Friday - WhatsApp,Copywriting,WhatsApp,2025-01-06,2025-02-24,1371.72,13540,235833,5.74,2867,0.48,896,1.53,1304968.87,95033.76,0,0,10.73
Captação de Leads - WhatsApp,Design,WhatsApp,2024-03-29,2024-05-13,2149.76,20930,148797,14.07,1174,1.83,836,2.57,1472414.77,68392.05,0,0,2.15
Campanha de Engajamento - WhatsApp,Automações,WhatsApp,2024-09-08,2024-09-30,8974.07,13327,125087,10.65,2687,3.34,2071,4.33,932749.37,10293.83,45,0,0.0
Campanha de Conversão - Instagram,Copywriting,Instagram Ads,2024-09-11,2024-11-08,6987.87,55074,444995,12.38,19873,0.35,19662,0.36,32340476.45,462708.79,0,0,7.96
Anúncio Institucional - Email,Automações,Email Marketing,2025-06-28,2025-08-09,6320.97,39864,229554,17.37,1387,4.56,1245,5.08,2322280.3,36639.3,2,0,0.0
Captação de Leads - Email,Copywriting,Email Marketing,2023-08-26,2023-10-13,3257.56,78465,442606,17.73,36894,0.09,377,8.64,359246.38,10928.08,0,0,2.43
Campanha de Engajamento - Email,Copywriting,Email Marketing,2023-02-12,2023-03-17,7482.93,10199,290987,3.5,1864,4.01,1673,4.47,358571.28,4691.86,0,0,2.5
Campanha de Conversão - Email,Tráfego Pago,Email Marketing,2024-08-09,2024-09-27,4436.67,6663,69775,9.55,1041,4.26,850,5.22,117837.14,2555.98,0,0,0.0
Black Friday - Google,Automações,Google Ads,2024-10-17,2024-12-16,7299.1,19586,411034,4.77,8540,0.85,3422,2.13,916118.74,12451.12,35,0,0.0
Natal Antecipado - Instagram,Social Media,Instagram Ads,2023-07-24,2023-08-08,3868.07,28351,398124,7.12,3593,1.08,2431,1.59,878340.0,22607.45,0,25,5.43
Promoção Relâmpago - Google,Design,Google Ads,2024-01-07,2024-02-26,4769.97,13882,183058,7.58,5846,0.82,4123,1.16,1456567.15,30436.19,0,0,14.07
Campanha de Conversão - Facebook,Social Media,Facebook Ads,2023-05-19,2023-07-06,3697.41,11495,241940,4.75,5021,0.74,3106,1.19,717363.14,19301.77,0,8,14.26
Promoção Verão - Email,Tráfego Pago,Email Marketing,2023-05-12,2023-06-05,4175.91,19305,114764,16.82,3664,1.14,144,29.0,96627.93,2213.94,0,0,0.0
Promoção Verão - Google,Social Media,Google Ads,2024-06-12,2024-06-27,5977.58,21853,312752,6.99,10137,0.59,5813,1.03,5840592.9,97608.32,0,21,6.97
Anúncio Institucional - TikTok,Copywriting,TikTok Ads,2023-01-18,2023-03-09,4657.28,13997,465604,3.01,140,33.27,117,39.81,157877.01,3289.9,0,0,10.04
Campanha de Engajamento - Google,Copywriting,Google Ads,2023-02-14,2023-03-30,6364.28,22370,158810,14.09,2013,3.16,480,13.26,891862.91,13913.57,0,0,14.38
Natal Antecipado - WhatsApp,Social Media,WhatsApp,2024-03-06,2024-04-23,8245.38,44487,273994,16.24,21951,0.38,6573,1.25,3378259.82,40871.55,0,7,13.44
Campanha de Conversão - Facebook,Design,Facebook Ads,2024-07-21,2024-08-27,5302.39,74544,397610,18.75,7688,0.69,6937,0.76,9079989.51,171143.34,0,0,2.44
Campanha de Engajamento - Email,Design,Email Marketing,2023-07-13,2023-08-09,9811.14,48029,276903,17.35,11170,0.88,10419,0.94,20533855.53,209191.23,0,0,2.1
Natal Antecipado - WhatsApp,Social Media,WhatsApp,2023-11-21,2024-01-11,597.02,24400,229901,10.61,10757,0.06,3556,0.17,1106607.13,185255.12,0,16,0.62
Captação de Leads - Google,Automações,Google Ads,2024-12-27,2025-01-11,1903.08,25430,132239,19.23,6455,0.29,1631,1.17,1140983.9,59854.59,3,0,0.0
Promoção Relâmpago - Google,Design,Google Ads,2024-06-24,2024-08-08,928.19,16248,123527,13.15,1933,0.48,140,6.63,52661.56,5573.58,0,0,1.64
Anúncio Institucional - WhatsApp,Automações,WhatsApp,2024-04-14,2024-04-29,859.56,8295,395049,2.1,1449,0.59,949,0.91,1486647.95,172854.53,34,0,0.0
Lançamento Produto - Facebook,Tráfego Pago,Facebook Ads,2024-02-13,2024-03-26,3038.78,61224,351923,17.4,16663,0.18,10030,0.3,14744710.79,485118.11,0,0,0.0
Anúncio Institucional - Facebook,Tráfego Pago,Facebook Ads,2023-08-21,2023-08-31,5462.31,26974,470185,5.74,4894,1.12,3451,1.58,2530257.57,46222.12,0,0,0.0
Promoção Verão - Email,Copywriting,Email Marketing,2024-11-15,2025-01-10,1949.19,82363,435202,18.93,37263,0.05,10773,0.18,1858439.65,95244.2,0,0,8.4
Remarketing - TikTok,Automações,TikTok Ads,2023-11-12,2023-12-07,3856.22,45141,235723,19.15,5891,0.65,4560,0.85,8336131.26,216073.64,10,0,0.0
Black Friday - Email,Copywriting,Email Marketing,2023-03-14,2023-04-11,7385.88,35692,441875,8.08,8304,0.89,1696,4.35,1673470.7,22557.7,0,0,14.88
Campanha de Engajamento - WhatsApp,Design,WhatsApp,2025-03-08,2025-03-19,9140.27,40574,473285,8.57,19862,0.46,7940,1.15,3038077.51,33138.38,0,0,5.12
Remarketing - Facebook,Automações,Facebook Ads,2025-02-01,2025-02-25,5107.63,5500,96796,5.68,141,36.22,63,81.07,4356.46,-14.71,50,0,0.0
Campanha de Engajamento - Email,Automações,Email Marketing,2023-11-23,2023-12-04,1303.86,90593,468051,19.36,2987,0.44,2826,0.46,4013436.42,307711.91,49,0,0.0
Remarketing - Google,Copywriting,Google Ads,2025-02-24,2025-03-09,4695.71,334,23201,1.44,46,102.08,23,204.16,27202.61,479.31,0,0,4.38
Captação de Leads - Google,Tráfego Pago,Google Ads,2023-04-06,2023-04-28,9478.05,2457,23247,10.57,365,25.97,129,73.47,226332.24,2287.96,0,0,0.0
Lançamento Produto - Facebook,Social Media,Facebook Ads,2024-12-11,2024-12-21,9267.91,23164,361115,6.41,3242,2.86,2085,4.45,1863239.3,20004.2,0,17,4.8
Black Friday - Facebook,Design,Facebook Ads,2024-09-22,2024-11-05,5022.35,1492,32396,4.61,461,10.89,348,14.43,346233.1,6793.85,0,0,10.45
Promoção Relâmpago - TikTok,Tráfego Pago,TikTok Ads,2025-05-20,2025-06-18,1693.23,2261,240275,0.94,179,9.46,164,10.32,234829.39,13768.72,0,0,0.0
Captação de Leads - Google,Automações,Google Ads,2023-06-05,2023-06-20,478.08,6920,229896,3.01,2209,0.22,523,0.91,361213.38,75455.01,30,0,0.0
Promoção Relâmpago - Facebook,Design,Facebook Ads,2023-04-19,2023-05-10,3873.55,20322,206295,9.85,4832,0.8,4568,0.85,8628905.45,222664.79,0,0,7.85
Promoção Relâmpago - Google,Social Media,Google Ads,2025-04-05,2025-04-23,2943.5,1632,37789,4.32,366,8.04,54,54.51,32708.98,1011.23,0,29,10.55
Captação de Leads - TikTok,Design,TikTok Ads,2025-03-11,2025-04-22,5590.85,1347,186136,0.72,644,8.68,58,96.39,47787.74,754.75,0,0,14.67
Anúncio Institucional - Email,Design,Email Marketing,2024-05-09,2024-05-30,8577.06,10266,407396,2.52,3977,2.16,415,20.67,422663.12,4827.83,0,0,9.51
Black Friday - WhatsApp,Social Media,WhatsApp,2025-02-23,2025-03-06,7293.92,16604,129071,12.86,545,13.38,322,22.65,231441.59,3073.08,0,6,3.07
Campanha de Conversão - Google,Design,Google Ads,2023-11-29,2023-12-17,8101.01,45657,478975,9.53,4639,1.75,2102,3.85,2700994.14,33241.45,0,0,4.4
Campanha de Engajamento - WhatsApp,Design,WhatsApp,2024-07-27,2024-08-15,4093.5,34027,336737,10.1,1351,3.03,939,4.36,68755.72,1579.63,0,0,13.43
Black Friday - Facebook,Design,Facebook Ads,2025-04-16,2025-05-27,5446.04,52757,414839,12.72,4322,1.26,3102,1.76,4449168.25,81595.48,0,0,9.59
Black Friday - Email,Design,Email Marketing,2025-02-07,2025-02-15,3315.32,35699,273789,13.04,7219,0.46,6593,0.5,13025226.74,392779.93,0,0,11.24
Campanha de Conversão - Email,Automações,Email Marketing,2024-09-17,2024-09-27,4443.6,57048,351791,16.22,23746,0.19,17675,0.25,11401643.26,256485.72,22,0,0.0
Remarketing - Facebook,Design,Facebook Ads,2024-02-01,2024-03-09,7344.96,44105,362415,12.17,14706,0.5,5674,1.29,7823189.18,106410.98,0,0,9.36
Promoção Verão - WhatsApp,Tráfego Pago,WhatsApp,2025-02-20,2025-03-10,1944.69,12086,157673,7.67,299,6.5,239,8.14,415248.04,21252.92,0,0,0.0
Anúncio Institucional - Facebook,Automações,Facebook Ads,2024-04-18,2024-06-09,5206.49,10515,57788,18.2,1734,3.0,1580,3.3,1845770.21,35351.33,20,0,0.0
Promoção Relâmpago - Email,Automações,Email Marketing,2025-02-02,2025-03-16,7645.57,60698,485786,12.49,2236,3.42,2141,3.57,2945085.75,38420.16,16,0,0.0
Lançamento Produto - Instagram,Social Media,Instagram Ads,2023-12-28,2024-01-22,7037.64,7595,96012,7.91,1161,6.06,152,46.3,229165.84,3156.29,0,21,7.62
Anúncio Institucional - Facebook,Automações,Facebook Ads,2025-02-13,2025-03-10,5790.03,5320,77193,6.89,812,7.13,206,28.11,353962.68,6013.31,2,0,0.0
Anúncio Institucional - Facebook,Tráfego Pago,Facebook Ads,2023-04-29,2023-05-18,6134.47,50182,400331,12.54,18628,0.33,15851,0.39,18514468.18,301710.4,0,0,0.0
Lançamento Produto - TikTok,Copywriting,TikTok Ads,2024-04-04,2024-04-19,8587.12,43243,339790,12.73,21045,0.41,3980,2.16,1019820.28,11776.16,0,0,7.26
Anúncio Institucional - Facebook,Tráfego Pago,Facebook Ads,2024-05-06,2024-05-22,6807.91,21938,131036,16.74,6807,1.0,3426,1.99,3031886.19,44434.76,0,0,0.0
Natal Antecipado - WhatsApp,Tráfego Pago,WhatsApp,2024-05-09,2024-06-28,9363.28,389,90479,0.43,39,240.08,0,0.0,0.0,-100.0,0,0,0.0
Campanha de Conversão - WhatsApp,Tráfego Pago,WhatsApp,2024-09-25,2024-10-30,3621.95,10604,60778,17.45,1624,2.23,1369,2.65,1048312.29,28843.31,0,0,0.0
Promoção Relâmpago - Instagram,Automações,Instagram Ads,2023-03-04,2023-03-18,2794.61,13589,326724,4.16,6792,0.41,5024,0.56,5571221.96,199255.97,40,0,0.0
Campanha de Engajamento - Instagram,Automações,Instagram Ads,2023-11-18,2023-12-20,8823.0,18683,119060,15.69,7940,1.11,6540,1.35,10926259.23,123738.37,19,0,0.0
Natal Antecipado - Email,Design,Email Marketing,2023-02-23,2023-04-12,1016.23,54043,375441,14.39,1951,0.52,1243,0.82,1606442.05,157978.59,0,0,3.46
Captação de Leads - Facebook,Design,Facebook Ads,2023-04-26,2023-05-10,6327.75,23648,403267,5.86,4581,1.38,522,12.12,661327.89,10351.23,0,0,14.07
Natal Antecipado - WhatsApp,Copywriting,WhatsApp,2024-06-03,2024-06-19,1350.26,37266,447260,8.33,10606,0.13,1986,0.68,2813073.21,208235.67,0,0,11.8
Black Friday - TikTok,Tráfego Pago,TikTok Ads,2024-11-29,2025-01-06,7450.12,25178,273818,9.2,6119,1.22,1601,4.65,1803733.58,24110.8,0,0,0.0
Remarketing - Email,Social Media,Email Marketing,2023-11-19,2024-01-18,6373.72,66703,414652,16.09,28688,0.22,20582,0.31,11717271.32,183737.25,0,9,2.29
Campanha de Engajamento - Facebook,Copywriting,Facebook Ads,2023-03-31,2023-04-16,951.07,11956,450855,2.65,1887,0.5,1158,0.82,1567317.34,164695.16,0,0,11.8
Campanha de Conversão - Instagram,Tráfego Pago,Instagram Ads,2024-04-16,2024-06-06,4699.64,56474,405280,13.93,20089,0.23,9957,0.47,13100236.89,278649.8,0,0,0.0
Natal Antecipado - WhatsApp,Copywriting,WhatsApp,2023-04-24,2023-05-11,413.89,66819,427037,15.65,31148,0.01,15522,0.03,24223870.17,5852631.44,0,0,11.99
Campanha de Engajamento - WhatsApp,Automações,WhatsApp,2023-03-08,2023-03-19,5882.94,26598,209175,12.72,7349,0.8,2777,2.12,5430755.43,92213.63,45,0,0.0
Black Friday - Instagram,Tráfego Pago,Instagram Ads,2023-08-28,2023-10-26,364.11,6915,275943,2.51,2637,0.14,2188,0.17,495006.66,135849.76,0,0,0.0
Remarketing - WhatsApp,Tráfego Pago,WhatsApp,2023-03-06,2023-04-24,4071.91,54447,330140,16.49,10865,0.37,10495,0.39,2608291.9,63955.74,0,0,0.0
Anúncio Institucional - Email,Design,Email Marketing,2024-04-14,2024-06-08,9692.74,24399,191101,12.77,6357,1.52,4937,1.96,8860833.51,91317.22,0,0,1.87
Campanha de Engajamento - WhatsApp,Automações,WhatsApp,2025-05-23,2025-06-11,4897.63,65394,340821,19.19,5473,0.89,4307,1.14,3602139.21,73448.62,22,0,0.0
Remarketing - Instagram,Design,Instagram Ads,2023-11-02,2023-11-19,4075.0,43077,236601,18.21,605,6.74,452,9.02,746894.81,18228.71,0,0,5.91
Remarketing - Email,Design,Email Marketing,2023-06-06,2023-06-22,5416.87,13397,191213,7.01,646,8.39,190,28.51,128280.88,2268.17,0,0,10.88
Promoção Verão - Facebook,Tráfego Pago,Facebook Ads,2024-10-13,2024-11-26,2082.8,41870,477811,8.76,7974,0.26,5957,0.35,8336796.07,400168.68,0,0,0.0
Anúncio Institucional - Email,Automações,Email Marketing,2025-02-04,2025-04-04,3226.33,644,83031,0.78,63,51.21,46,70.14,38902.2,1105.77,16,0,0.0
Promoção Relâmpago - Email,Copywriting,Email Marketing,2023-04-14,2023-05-11,8505.86,52471,372672,14.08,22405,0.38,4929,1.73,3659585.11,42924.28,0,0,10.62
Lançamento Produto - Email,Automações,Email Marketing,2023-02-12,2023-03-19,5612.12,1992,143927,1.38,235,23.88,101,55.57,107721.42,1819.44,16,0,0.0
Black Friday - WhatsApp,Design,WhatsApp,2023-11-15,2023-12-12,1478.99,1969,15271,12.89,667,2.22,317,4.67,547718.25,36933.26,0,0,2.09
Remarketing - Email,Automações,Email Marketing,2023-12-01,2023-12-12,8394.95,2291,13143,17.43,211,39.79,78,107.63,147925.68,1662.08,6,0,0.0
Promoção Verão - Google,Copywriting,Google Ads,2024-09-04,2024-10-28,8293.58,91942,489371,18.79,5206,1.59,2058,4.03,1058045.74,12657.41,0,0,3.41
Captação de Leads - Email,Design,Email Marketing,2024-11-26,2025-01-10,1412.08,39159,400046,9.79,2530,0.56,2154,0.66,364359.98,25703.07,0,0,5.86
Promoção Relâmpago - Email,Copywriting,Email Marketing,2025-03-13,2025-04-06,4080.23,30293,166129,18.23,13787,0.3,12780,0.32,13552815.03,332058.11,0,0,8.57
Campanha de Conversão - Instagram,Design,Instagram Ads,2023-11-27,2024-01-17,3710.91,13595,239067,5.69,1832,2.03,989,3.75,959368.88,25752.66,0,0,12.34
Promoção Verão - Facebook,Social Media,Facebook Ads,2025-01-28,2025-02-25,6472.55,52036,457035,11.39,15033,0.43,14469,0.45,4197138.06,64745.2,0,30,3.47
Captação de Leads - Google,Design,Google Ads,2023-04-30,2023-05-10,4594.91,55089,305042,18.06,3409,1.35,3244,1.42,5284158.79,114900.27,0,0,11.24
Promoção Verão - TikTok,Automações,TikTok Ads,2023-05-17,2023-05-28,6957.68,71948,375350,19.17,20255,0.34,19099,0.36,34317100.6,493126.2,7,0,0.0
Promoção Verão - Facebook,Automações,Facebook Ads,2024-10-16,2024-11-05,6540.62,47215,412723,11.44,10446,0.63,4562,1.43,7833271.65,119663.44,2,0,0.0
Natal Antecipado - Google,Copywriting,Google Ads,2024-05-26,2024-07-12,3991.88,52119,486672,10.71,2555,1.56,391,10.21,161055.54,3934.58,0,0,11.57
Promoção Verão - TikTok,Design,TikTok Ads,2023-01-23,2023-03-20,6651.35,14387,285069,5.05,80,83.14,69,96.4,11271.3,69.46,0,0,6.21
Captação de Leads - Google,Social Media,Google Ads,2025-04-05,2025-04-26,7074.08,2899,188889,1.53,281,25.17,58,121.97,86449.78,1122.06,0,24,14.9
Natal Antecipado - TikTok,Social Media,TikTok Ads,2024-11-15,2025-01-13,9448.34,6176,62318,9.91,2471,3.82,2130,4.44,1694338.21,17832.65,0,9,7.89
Promoção Relâmpago - Email,Copywriting,Email Marketing,2023-06-02,2023-06-27,6307.91,17485,417818,4.18,2656,2.37,834,7.56,655520.3,10292.04,0,0,1.26
Remarketing - Email,Tráfego Pago,Email Marketing,2024-10-17,2024-11-03,1944.91,6624,105737,6.26,2663,0.73,807,2.41,1536252.26,78888.35,0,0,0.0
Promoção Relâmpago - Facebook,Social Media,Facebook Ads,2024-11-23,2025-01-09,1065.46,56746,412410,13.76,1962,0.54,1577,0.68,1600605.6,150126.72,0,17,14.58
Anúncio Institucional - TikTok,Automações,TikTok Ads,2024-09-14,2024-11-05,3762.38,21899,225887,9.69,9141,0.41,5680,0.66,1762561.33,46746.98,39,0,0.0
Anúncio Institucional - Email,Copywriting,Email Marketing,2023-09-21,2023-11-12,8133.8,29059,295105,9.85,12669,0.64,2493,3.26,4382335.77,53778.09,0,0,0.99
Remarketing - Google,Automações,Google Ads,2024-01-21,2024-02-26,596.65,10550,64821,16.28,4174,0.14,929,0.64,1128570.76,189051.22,11,0,0.0
Promoção Relâmpago - WhatsApp,Social Media,WhatsApp,2023-07-19,2023-08-28,1119.66,15773,83605,18.87,4566,0.25,2945,0.38,3463029.95,309193.0,0,14,9.34
Anúncio Institucional - Google,Automações,Google Ads,2023-04-18,2023-05-27,5215.15,9782,392654,2.49,4271,1.22,3180,1.64,5325885.19,102023.34,21,0,0.0
Lançamento Produto - Google,Social Media,Google Ads,2025-04-03,2025-05-07,1804.57,2898,87328,3.32,1180,1.53,927,1.95,532607.17,29414.35,0,29,8.83
Black Friday - Instagram,Design,Instagram Ads,2024-08-20,2024-10-03,3948.06,5606,41927,13.37,25,157.92,7,564.01,6027.26,52.66,0,0,0.76
Black Friday - Google,Tráfego Pago,Google Ads,2023-09-27,2023-10-06,6740.72,18728,447680,4.18,8879,0.76,7741,0.87,3889368.99,57599.61,0,0,0.0
Captação de Leads - TikTok,Social Media,TikTok Ads,2023-04-30,2023-06-11,5782.14,2852,86882,3.28,1120,5.16,49,118.0,41259.9,613.57,0,13,12.04
Captação de Leads - WhatsApp,Social Media,WhatsApp,2024-08-01,2024-08-18,5111.7,39680,235997,16.81,1570,3.26,1017,5.03,719175.83,13969.21,0,17,0.34
Anúncio Institucional - Google,Tráfego Pago,Google Ads,2023-08-21,2023-09-29,6153.06,6234,115660,5.39,2426,2.54,2369,2.6,1720606.24,27863.42,0,0,0.0
Remarketing - Email,Automações,Email Marketing,2024-03-22,2024-05-18,6645.16,1822,46707,3.9,104,63.9,12,553.76,11621.25,74.88,4,0,0.0
Promoção Relâmpago - TikTok,Copywriting,TikTok Ads,2023-02-22,2023-03-03,4432.55,13916,218602,6.37,684,6.48,132,33.58,212688.21,4698.33,0,0,12.84
Promoção Relâmpago - WhatsApp,Automações,WhatsApp,2025-05-09,2025-06-16,5304.79,28120,420276,6.69,12541,0.42,10329,0.51,7148059.7,134647.27,33,0,0.0
Natal Antecipado - Google,Automações,Google Ads,2023-10-02,2023-11-14,5124.64,15692,490820,3.2,6724,0.76,2938,1.74,680097.37,13171.12,29,0,0.0
Campanha de Engajamento - Instagram,Social Media,Instagram Ads,2023-05-06,2023-06-21,4633.02,5252,398095,1.32,1316,3.52,55,84.24,67056.97,1347.37,0,8,12.7
Campanha de Conversão - WhatsApp,Automações,WhatsApp,2025-04-26,2025-06-12,2180.27,62141,485292,12.8,6307,0.35,1741,1.25,1639132.62,75080.26,24,0,0.0
Lançamento Produto - Google,Copywriting,Google Ads,2024-07-30,2024-09-14,5197.58,41893,303599,13.8,4545,1.14,1425,3.65,716916.93,13693.28,0,0,8.95
Lançamento Produto - TikTok,Design,TikTok Ads,2024-07-05,2024-07-24,7695.3,9346,87379,10.7,2020,3.81,383,20.09,557815.03,7148.78,0,0,11.01
Anúncio Institucional - Email,Automações,Email Marketing,2025-03-31,2025-04-14,4342.96,260,155965,0.17,23,188.82,7,620.42,11009.73,153.51,0,0,0.0
Lançamento Produto - Email,Tráfego Pago,Email Marketing,2025-05-09,2025-05-16,4409.2,18858,422152,4.47,132,33.4,121,36.44,64849.87,1370.79,0,0,0.0
Lançamento Produto - Google,Social Media,Google Ads,2025-02-15,2025-03-28,4187.19,6369,34621,18.4,2394,1.75,1511,2.77,2083712.01,49663.97,0,25,6.13
Anúncio Institucional - TikTok,Automações,TikTok Ads,2025-03-07,2025-04-06,8198.25,26151,178548,14.65,9668,0.85,4959,1.65,6270900.48,76390.72,4,0,0.0
Natal Antecipado - TikTok,Social Media,TikTok Ads,2023-10-21,2023-11-20,4051.17,11207,213832,5.24,415,9.76,168,24.11,123560.32,2949.99,0,23,4.84
Remarketing - TikTok,Automações,TikTok Ads,2025-03-22,2025-05-06,989.77,7154,90461,7.91,202,4.9,95,10.42,177871.61,17871.0,40,0,0.0
Campanha de Engajamento - Instagram,Automações,Instagram Ads,2023-10-17,2023-10-29,9852.56,28781,239765,12.0,1067,9.23,36,273.68,37028.27,275.82,45,0,0.0
Promoção Verão - Google,Copywriting,Google Ads,2023-12-11,2024-01-17,3913.76,11375,87701,12.97,628,6.23,588,6.66,1136728.1,28944.4,0,0,14.03
Campanha de Engajamento - TikTok,Design,TikTok Ads,2023-03-04,2023-04-24,6009.78,55941,341536,16.38,27956,0.21,20925,0.29,25853841.46,430096.14,0,0,10.64
Black Friday - WhatsApp,Tráfego Pago,WhatsApp,2023-06-17,2023-08-11,5604.62,2590,149459,1.73,767,7.31,755,7.42,444237.99,7826.28,0,0,0.0
Lançamento Produto - Facebook,Social Media,Facebook Ads,2024-08-29,2024-10-07,9189.69,3235,260263,1.24,519,17.71,185,49.67,95083.29,934.67,0,23,3.29
Promoção Verão - Email,Copywriting,Email Marketing,2024-01-23,2024-02-26,4708.14,16197,325457,4.98,3373,1.4,1506,3.13,1392564.81,29477.81,0,0,8.41
Captação de Leads - Instagram,Social Media,Instagram Ads,2023-05-06,2023-05-25,9596.25,42251,358917,11.77,12958,0.74,2637,3.64,546201.45,5591.82,0,28,12.77
Black Friday - Google,Copywriting,Google Ads,2024-07-26,2024-08-03,4431.77,2953,94850,3.11,809,5.48,98,45.22,135875.42,2965.94,0,0,10.39
Captação de Leads - Facebook,Design,Facebook Ads,2025-03-11,2025-04-29,3833.43,37960,206368,18.39,16465,0.23,5703,0.67,11029931.36,287630.08,0,0,14.14
Campanha de Engajamento - Instagram,Copywriting,Instagram Ads,2024-01-28,2024-03-04,7108.24,10819,67806,15.96,1263,5.63,746,9.53,1184161.07,16558.99,0,0,0.55
Remarketing - TikTok,Copywriting,TikTok Ads,2024-03-17,2024-04-29,3655.78,50241,346242,14.51,16561,0.22,10850,0.34,18864908.5,515929.64,0,0,2.99
Campanha de Engajamento - Google,Design,Google Ads,2024-12-11,2025-01-24,3469.72,27849,234562,11.87,9685,0.36,5302,0.65,4001887.93,115237.49,0,0,13.18
Captação de Leads - WhatsApp,Design,WhatsApp,2024-05-23,2024-06-26,3513.62,30370,160723,18.9,3439,1.02,2185,1.61,2358247.42,67017.32,0,0,14.52
Promoção Verão - Facebook,Automações,Facebook Ads,2023-11-25,2023-12-03,3969.74,55431,315460,17.57,7456,0.53,5150,0.77,7158953.29,180238.09,39,0,0.0
Lançamento Produto - Instagram,Social Media,Instagram Ads,2024-02-05,2024-02-17,853.01,5573,163095,3.42,2717,0.31,2087,0.41,1846615.84,216382.32,0,12,0.94
Campanha de Engajamento - WhatsApp,Tráfego Pago,WhatsApp,2023-05-18,2023-05-25,2966.56,4827,432241,1.12,2260,1.31,1317,2.25,66450.7,2139.99,0,0,0.0
Lançamento Produto - Google,Tráfego Pago,Google Ads,2023-05-02,2023-06-27,1709.68,85191,434540,19.6,41792,0.04,16531,0.1,22320697.02,1305448.23,0,0,0.0
Natal Antecipado - Instagram,Social Media,Instagram Ads,2024-03-09,2024-05-02,6775.45,42577,441142,9.65,11068,0.61,5905,1.15,7635853.89,112598.84,0,16,9.96
Promoção Verão - WhatsApp,Social Media,WhatsApp,2023-01-23,2023-03-14,1986.7,28056,355361,7.9,5039,0.39,3275,0.61,3515757.36,176864.68,0,28,3.79
Anúncio Institucional - Email,Copywriting,Email Marketing,2024-12-31,2025-01-20,4929.7,76520,442366,17.3,16757,0.29,4477,1.1,8125677.28,164731.07,0,0,1.55
Black Friday - Facebook,Tráfego Pago,Facebook Ads,2025-04-17,2025-04-25,8828.74,32174,254335,12.65,13004,0.68,8814,1.0,12213403.67,138236.88,0,0,0.0
Anúncio Institucional - Email,Social Media,Email Marketing,2023-11-30,2023-12-25,5818.52,13080,176224,7.42,1703,3.42,1419,4.1,2555184.1,43814.67,0,7,14.7
Anúncio Institucional - TikTok,Copywriting,TikTok Ads,2023-10-07,2023-11-09,1939.29,25470,470169,5.42,4253,0.46,1068,1.82,1806609.46,93058.29,0,0,14.67
Campanha de Engajamento - Instagram,Copywriting,Instagram Ads,2023-05-06,2023-06-08,705.9,69084,448838,15.39,19417,0.04,4201,0.17,1982099.7,280690.44,0,0,14.41
Remarketing - Email,Social Media,Email Marketing,2023-06-01,2023-06-10,3480.53,3990,59460,6.71,1789,1.95,1425,2.44,1164476.28,33356.87,0,23,6.0
Lançamento Produto - WhatsApp,Social Media,WhatsApp,2024-02-18,2024-03-22,2641.46,50534,253420,19.94,2000,1.32,209,12.64,389499.26,14645.61,0,9,0.69
Campanha de Engajamento - Email,Copywriting,Email Marketing,2024-11-27,2025-01-05,9038.2,875,160001,0.55,126,71.73,65,139.05,42343.57,368.5,0,0,5.91
Promoção Verão - Email,Design,Email Marketing,2024-10-09,2024-11-13,3517.72,10069,431535,2.33,3673,0.96,1192,2.95,1524692.27,43243.2,0,0,0.28
Lançamento Produto - Facebook,Copywriting,Facebook Ads,2023-05-02,2023-06-21,8032.7,1899,9736,19.5,89,90.26,20,401.63,18607.76,131.65,0,0,0.45
Black Friday - TikTok,Tráfego Pago,TikTok Ads,2024-01-01,2024-01-09,3407.61,22361,154527,14.47,9003,0.38,7428,0.46,3689687.31,108177.86,0,0,0.0
Campanha de Conversão - TikTok,Copywriting,TikTok Ads,2024-07-16,2024-08-12,6758.58,13512,72591,18.61,3782,1.79,2297,2.94,1748751.84,25774.55,0,0,14.64
Remarketing - WhatsApp,Copywriting,WhatsApp,2023-08-04,2023-09-03,2910.46,9464,246002,3.85,4544,0.64,2703,1.08,1433572.92,49155.89,0,0,14.68
Remarketing - Facebook,Tráfego Pago,Facebook Ads,2024-05-09,2024-06-13,4561.5,1167,7955,14.67,214,21.32,64,71.27,106786.25,2241.03,0,0,0.0
Promoção Relâmpago - Email,Copywriting,Email Marketing,2024-07-12,2024-08-06,6347.69,11112,148092,7.5,5056,1.26,1934,3.28,1475975.69,23152.17,0,0,1.06
Promoção Relâmpago - Email,Automações,Email Marketing,2023-09-09,2023-09-28,4637.43,203,46764,0.43,41,113.11,28,165.62,23176.88,399.78,19,0,0.0
Natal Antecipado - Email,Design,Email Marketing,2024-10-28,2024-11-27,6580.93,4551,103745,4.39,1849,3.56,1779,3.7,775017.63,11676.72,0,0,1.73
Campanha de Conversão - Google,Tráfego Pago,Google Ads,2024-07-11,2024-08-30,8807.35,34778,310189,11.21,16496,0.53,3458,2.55,3975067.84,45033.53,0,0,0.0
Campanha de Conversão - Instagram,Automações,Instagram Ads,2024-01-09,2024-02-19,8323.74,8868,302879,2.93,2686,3.1,850,9.79,840429.14,9996.77,40,0,0.0
Promoção Verão - Instagram,Social Media,Instagram Ads,2024-12-24,2025-02-20,7884.63,959,93928,1.02,80,98.56,71,111.05,72641.54,821.31,0,0,10.81
Promoção Relâmpago - Google,Tráfego Pago,Google Ads,2023-10-07,2023-11-29,1072.74,16815,333075,5.05,7987,0.13,5328,0.2,5006082.78,466563.2,0,0,0.0
Black Friday - Google,Tráfego Pago,Google Ads,2025-04-23,2025-05-05,8168.41,29378,325118,9.04,5545,1.47,2307,3.54,4388909.34,53630.28,0,0,0.0
Remarketing - Facebook,Social Media,Facebook Ads,2023-06-19,2023-08-11,6070.27,9122,57835,15.77,1192,5.09,661,9.18,566130.78,9226.29,0,1,13.32
Remarketing - TikTok,Copywriting,TikTok Ads,2024-03-01,2024-04-22,7687.24,13985,131227,10.66,3431,2.24,3078,2.5,513495.34,6579.84,0,0,6.98
Campanha de Engajamento - Instagram,Copywriting,Instagram Ads,2025-06-01,2025-06-09,1541.02,43528,440098,9.89,2458,0.63,249,6.19,157151.54,10097.89,0,0,1.92
Anúncio Institucional - WhatsApp,Design,WhatsApp,2023-11-12,2023-12-20,2598.81,6905,71524,9.65,1885,1.38,1413,1.84,2010002.23,77243.18,0,0,10.3
Natal Antecipado - Instagram,Tráfego Pago,Instagram Ads,2025-02-13,2025-04-03,5253.65,47096,256663,18.35,13771,0.38,1686,3.12,200927.1,3724.52,0,0,0.0
Lançamento Produto - Facebook,Automações,Facebook Ads,2023-06-15,2023-07-19,2416.06,3126,21812,14.33,94,25.7,1,2416.06,1845.77,-23.6,35,0,0.0
Lançamento Produto - Facebook,Automações,Facebook Ads,2025-04-22,2025-06-16,9312.57,37203,325004,11.45,10350,0.9,2166,4.3,3202818.06,34292.42,6,0,0.0
Black Friday - TikTok,Automações,TikTok Ads,2025-01-25,2025-02-18,9550.05,26386,258519,10.21,7110,1.34,2862,3.34,1290593.87,13414.0,15,0,0.0
Black Friday - Google,Automações,Google Ads,2023-02-06,2023-03-01,4864.28,3803,126235,3.01,1379,3.53,55,88.44,46163.82,849.04,39,0,0.0
Promoção Verão - Google,Social Media,Google Ads,2023-07-28,2023-09-09,2816.89,2539,88505,2.87,684,4.12,430,6.55,708050.8,25035.91,0,0,10.99
Promoção Relâmpago - Instagram,Design,Instagram Ads,2024-02-15,2024-02-29,1881.19,90450,468817,19.29,8265,0.23,3452,0.54,6716021.09,356909.19,0,0,10.26
Black Friday - Facebook,Automações,Facebook Ads,2025-02-20,2025-03-05,5876.12,31282,385394,8.12,7493,0.78,7391,0.8,6268530.38,106578.05,29,0,0.0
Black Friday - Email,Copywriting,Email Marketing,2023-06-18,2023-07-29,2888.0,55573,401255,13.85,18,160.44,18,160.44,4672.92,61.8,0,0,6.94
Anúncio Institucional - WhatsApp,Design,WhatsApp,2024-10-18,2024-11-25,9234.17,33203,333696,9.95,1303,7.09,764,12.09,1474727.62,15870.33,0,0,9.56
Anúncio Institucional - TikTok,Design,TikTok Ads,2023-01-05,2023-02-11,7689.9,57026,461479,12.36,4605,1.67,951,8.09,785322.55,10112.39,0,0,9.69
Campanha de Conversão - Facebook,Copywriting,Facebook Ads,2024-07-04,2024-08-28,6991.75,34551,381325,9.06,1344,5.2,313,22.34,612833.25,8665.09,0,0,0.53
Anúncio Institucional - TikTok,Social Media,TikTok Ads,2025-05-16,2025-07-01,1255.26,2137,10869,19.66,540,2.32,270,4.65,87854.55,6898.91,0,24,1.79
Remarketing - Facebook,Social Media,Facebook Ads,2025-05-17,2025-07-15,6363.49,45496,489388,9.3,1543,4.12,290,21.94,66032.31,937.67,0,16,3.11
Promoção Verão - Email,Tráfego Pago,Email Marketing,2025-04-27,2025-06-10,9418.94,57787,491966,11.75,16848,0.56,6486,1.45,1629519.04,17200.45,0,0,0.0
Natal Antecipado - Instagram,Social Media,Instagram Ads,2024-09-12,2024-11-02,6707.19,10497,309115,3.4,3789,1.77,2953,2.27,5704877.13,84956.14,0,0,7.16
Remarketing - Instagram,Design,Instagram Ads,2023-05-15,2023-06-23,6117.32,41410,485909,8.52,20039,0.31,10775,0.57,4790050.68,78203.09,0,0,2.46
Anúncio Institucional - TikTok,Copywriting,TikTok Ads,2024-07-07,2024-07-30,2086.48,21269,234394,9.07,7242,0.29,1429,1.46,1329417.55,63615.81,0,0,11.95
Natal Antecipado - Email,Automações,Email Marketing,2024-08-11,2024-09-04,9918.62,32462,179215,18.11,9202,1.08,7224,1.37,2392935.43,24025.69,41,0,0.0
Campanha de Conversão - Instagram,Tráfego Pago,Instagram Ads,2024-08-10,2024-10-05,5833.97,93146,493773,18.86,32794,0.18,6654,0.88,4179209.51,71535.77,0,0,0.0
Black Friday - Email,Design,Email Marketing,2025-04-27,2025-05-06,5782.77,25587,347753,7.36,3306,1.75,175,33.04,107290.46,1755.35,0,0,11.67
Campanha de Engajamento - WhatsApp,Copywriting,WhatsApp,2024-09-17,2024-10-13,7499.92,56337,426777,13.2,24666,0.3,15003,0.5,967412.9,12798.98,0,0,8.76
Anúncio Institucional - WhatsApp,Tráfego Pago,WhatsApp,2024-07-29,2024-08-21,5644.61,10411,77428,13.45,925,6.1,6,940.77,3648.69,-35.36,0,0,0.0
Remarketing - TikTok,Copywriting,TikTok Ads,2024-04-13,2024-06-11,5022.92,2721,203100,1.34,126,39.86,123,40.84,216479.01,4209.82,0,0,9.92
Lançamento Produto - TikTok,Copywriting,TikTok Ads,2023-10-15,2023-12-12,3232.25,5159,108586,4.75,2286,1.41,1871,1.73,555322.91,17080.69,0,0,3.74
Campanha de Conversão - Google,Automações,Google Ads,2025-03-23,2025-05-15,4403.56,63974,334642,19.12,7666,0.57,5214,0.84,7780900.28,176595.68,37,0,0.0
Lançamento Produto - TikTok,Social Media,TikTok Ads,2023-03-30,2023-05-29,5555.85,67263,403970,16.65,26455,0.21,20192,0.28,33474235.12,602404.3,0,12,13.1
Captação de Leads - WhatsApp,Design,WhatsApp,2023-08-22,2023-10-15,5718.8,9815,60298,16.28,1023,5.59,305,18.75,458438.74,7916.35,0,0,4.24
Captação de Leads - Google,Social Media,Google Ads,2023-02-27,2023-04-07,6827.31,49221,434819,11.32,5069,1.35,3879,1.76,904696.87,13151.15,0,8,0.99
Campanha de Engajamento - WhatsApp,Tráfego Pago,WhatsApp,2023-09-26,2023-11-02,7392.48,7363,366375,2.01,2595,2.85,1586,4.66,1916183.47,25820.71,0,0,0.0
Captação de Leads - Facebook,Social Media,Facebook Ads,2025-05-26,2025-07-06,5853.66,36331,359332,10.11,1850,3.16,859,6.81,779114.89,13209.88,0,15,9.12
Promoção Verão - Instagram,Social Media,Instagram Ads,2023-01-04,2023-03-04,4741.08,3394,281938,1.2,775,6.12,480,9.88,217230.91,4481.89,0,3,5.95
Anúncio Institucional - WhatsApp,Social Media,WhatsApp,2023-03-23,2023-04-01,7437.64,52108,455712,11.43,25251,0.29,22975,0.32,11995107.3,161175.72,0,7,4.94
Captação de Leads - Instagram,Copywriting,Instagram Ads,2023-09-03,2023-09-23,9752.44,36071,398034,9.06,11778,0.83,2718,3.59,271658.54,2685.54,0,0,0.67
Anúncio Institucional - TikTok,Tráfego Pago,TikTok Ads,2023-11-25,2024-01-05,6543.96,22423,447251,5.01,10107,0.65,4193,1.56,1705217.31,25957.88,0,0,0.0
Natal Antecipado - Email,Social Media,Email Marketing,2023-05-08,2023-06-18,7214.67,16403,462356,3.55,7260,0.99,5909,1.22,3301136.02,45655.88,0,18,11.72
Promoção Relâmpago - Email,Social Media,Email Marketing,2024-09-30,2024-10-11,9175.61,13615,212109,6.42,5316,1.73,2053,4.47,3697066.74,40192.33,0,10,13.42
Anúncio Institucional - Instagram,Design,Instagram Ads,2024-02-26,2024-04-09,4009.15,9223,273748,3.37,2835,1.41,381,10.52,754666.93,18723.61,0,0,12.83
Lançamento Produto - TikTok,Tráfego Pago,TikTok Ads,2024-11-29,2025-01-23,5457.55,31284,392282,7.97,1622,3.36,769,7.1,1253086.38,22860.6,0,0,0.0
Remarketing - Facebook,Social Media,Facebook Ads,2024-10-29,2024-12-02,2551.92,40387,402239,10.04,14381,0.18,427,5.98,845753.23,33041.84,0,12,0.97
Remarketing - TikTok,Copywriting,TikTok Ads,2024-09-17,2024-10-02,9163.98,18225,250331,7.28,8580,1.07,6799,1.35,7043376.64,76759.36,0,0,11.5
Promoção Relâmpago - Google,Social Media,Google Ads,2024-05-01,2024-05-10,980.86,48780,342746,14.23,13867,0.07,1828,0.54,288236.27,29286.08,0,19,11.46
Promoção Relâmpago - Instagram,Design,Instagram Ads,2025-03-12,2025-05-07,5356.82,31098,398104,7.81,11272,0.48,5542,0.97,9623193.31,179543.77,0,0,3.31
Campanha de Engajamento - WhatsApp,Social Media,WhatsApp,2025-05-03,2025-05-19,7363.77,43860,308419,14.22,1621,4.54,713,10.33,806621.07,10853.91,0,27,4.98
Promoção Relâmpago - WhatsApp,Copywriting,WhatsApp,2025-05-26,2025-06-10,1455.79,1870,36045,5.19,319,4.56,215,6.77,374775.97,25643.82,0,0,11.49
Campanha de Conversão - Google,Social Media,Google Ads,2024-10-27,2024-11-19,961.76,43412,437131,9.93,19347,0.05,4757,0.2,2931710.12,304727.62,0,15,5.45
Campanha de Engajamento - Google,Design,Google Ads,2025-06-21,2025-08-06,6016.97,59223,407395,14.54,2679,2.25,2002,3.01,2344205.7,38859.9,0,0,3.63
Natal Antecipado - Instagram,Design,Instagram Ads,2025-05-13,2025-06-22,5643.73,25756,193005,13.34,9546,0.59,4366,1.29,5522806.36,97757.38,0,0,2.67
Promoção Verão - WhatsApp,Copywriting,WhatsApp,2023-03-23,2023-05-12,6019.17,272,11466,2.37,28,214.97,19,316.8,1674.77,-72.18,0,0,5.83
Campanha de Engajamento - Email,Design,Email Marketing,2024-06-28,2024-07-10,7306.15,11340,120515,9.41,4508,1.62,2361,3.09,3968668.32,54219.56,0,0,14.2
Remarketing - WhatsApp,Copywriting,WhatsApp,2024-09-26,2024-10-15,5116.1,8030,117780,6.82,611,8.37,119,42.99,209575.13,3996.38,0,0,2.54
Remarketing - TikTok,Social Media,TikTok Ads,2023-02-06,2023-03-25,8211.57,2708,18147,14.92,183,44.87,179,45.87,43057.51,424.35,0,4,7.98
Campanha de Engajamento - Facebook,Social Media,Facebook Ads,2024-09-21,2024-11-07,6027.17,8788,62502,14.06,3546,1.7,752,8.01,813516.37,13397.49,0,20,8.22
Captação de Leads - Email,Automações,Email Marketing,2024-08-01,2024-09-27,4249.0,19667,196455,10.01,5204,0.82,4610,0.92,7143806.05,168029.11,38,0,0.0
Captação de Leads - TikTok,Social Media,TikTok Ads,2024-10-14,2024-12-02,3156.54,33412,246651,13.55,9722,0.32,6954,0.45,11795716.91,373591.35,0,3,6.12
Campanha de Conversão - WhatsApp,Social Media,WhatsApp,2024-06-18,2024-07-13,6874.84,999,29790,3.35,469,14.66,408,16.85,524424.68,7528.17,0,11,13.58
Remarketing - WhatsApp,Copywriting,WhatsApp,2025-05-15,2025-07-05,7501.1,10189,328182,3.1,3041,2.47,786,9.54,151828.59,1924.08,0,0,9.63
Campanha de Engajamento - Google,Automações,Google Ads,2023-01-02,2023-01-13,6480.8,42999,358861,11.98,3478,1.86,3373,1.92,4574935.57,70492.14,49,0,0.0
Campanha de Engajamento - TikTok,Copywriting,TikTok Ads,2023-02-10,2023-03-28,8382.41,9454,86245,10.96,79,106.11,30,279.41,43024.61,413.27,0,0,11.42
Captação de Leads - Email,Design,Email Marketing,2023-03-27,2023-05-09,2526.68,22940,151929,15.1,6232,0.41,1023,2.47,673055.0,26537.92,0,0,1.84
Promoção Verão - Email,Automações,Email Marketing,2025-03-04,2025-04-13,8869.24,23065,492150,4.69,2039,4.35,882,10.06,1251276.2,14008.04,3,0,0.0
Black Friday - WhatsApp,Social Media,WhatsApp,2025-05-14,2025-07-11,763.51,57553,368446,15.62,27947,0.03,16543,0.05,2846657.53,372738.28,0,8,0.3
Natal Antecipado - Email,Tráfego Pago,Email Marketing,2024-08-02,2024-09-21,381.04,20923,245201,8.53,10241,0.04,5780,0.07,10130054.67,2658427.89,0,0,0.0
Promoção Verão - Google,Automações,Google Ads,2023-06-20,2023-08-14,5055.69,4010,151081,2.65,131,38.59,5,1011.14,704.92,-86.06,13,0,0.0
Remarketing - Instagram,Tráfego Pago,Instagram Ads,2023-07-24,2023-08-20,7740.26,17638,105132,16.78,8063,0.96,7658,1.01,1323025.0,16992.77,0,0,0.0
Remarketing - Google,Tráfego Pago,Google Ads,2025-06-10,2025-07-28,9823.64,71555,442866,16.16,11876,0.83,4125,2.38,4834977.12,49117.78,0,0,0.0
Natal Antecipado - Instagram,Design,Instagram Ads,2024-06-14,2024-06-28,6911.15,18905,195632,9.66,9087,0.76,6734,1.03,13166428.62,190409.95,0,0,6.69
Remarketing - Email,Social Media,Email Marketing,2023-12-26,2024-02-14,1846.5,2275,146961,1.55,283,6.52,147,12.56,170807.43,9150.33,0,28,14.34
Natal Antecipado - Facebook,Social Media,Facebook Ads,2024-01-21,2024-03-04,4808.3,26831,237483,11.3,9775,0.49,7460,0.64,14343749.65,298212.29,0,20,8.43
Natal Antecipado - Google,Social Media,Google Ads,2025-03-07,2025-04-17,9990.82,22056,142745,15.45,8449,1.18,5623,1.78,5861545.15,58569.31,0,30,0.39
Captação de Leads - Instagram,Automações,Instagram Ads,2023-08-22,2023-09-10,2425.02,29109,190291,15.3,8675,0.28,8059,0.3,13064021.33,538618.09,0,0,0.0
Natal Antecipado - Email,Social Media,Email Marketing,2023-02-16,2023-03-18,9398.43,75330,463781,16.24,26237,0.36,806,11.66,468898.78,4889.12,0,17,14.35
Black Friday - Google,Tráfego Pago,Google Ads,2024-08-02,2024-08-31,2830.85,31145,184230,16.91,4494,0.63,93,30.44,177541.47,6171.67,0,0,0.0
Remarketing - Instagram,Social Media,Instagram Ads,2024-08-22,2024-09-27,1638.97,52465,423971,12.37,21066,0.08,8922,0.18,1188123.47,72392.08,0,5,8.92
Lançamento Produto - Facebook,Social Media,Facebook Ads,2023-07-28,2023-08-30,3897.22,721,6958,10.36,151,25.81,104,37.47,135680.2,3381.46,0,22,7.35
Campanha de Engajamento - Facebook,Social Media,Facebook Ads,2024-06-30,2024-07-14,1550.81,3048,77817,3.92,841,1.84,821,1.89,287900.55,18464.53,0,21,1.49
Campanha de Engajamento - TikTok,Automações,TikTok Ads,2023-01-24,2023-03-10,1411.52,17219,325821,5.28,7383,0.19,5815,0.24,11113562.28,787247.14,20,0,0.0
Promoção Verão - Facebook,Social Media,Facebook Ads,2025-04-14,2025-05-05,5217.51,2884,136867,2.11,364,14.33,96,54.35,19232.8,268.62,0,11,12.3
Campanha de Engajamento - TikTok,Social Media,TikTok Ads,2025-06-29,2025-08-17,457.47,43768,479155,9.13,14131,0.03,3108,0.15,253996.42,55421.98,0,30,5.92
Promoção Verão - Google,Social Media,Google Ads,2025-06-06,2025-06-25,825.86,17874,118129,15.13,5171,0.16,4682,0.18,9361366.17,1133429.43,0,23,0.19
Campanha de Engajamento - Facebook,Copywriting,Facebook Ads,2024-01-25,2024-02-18,5963.74,4231,223500,1.89,1393,4.28,609,9.79,363079.58,5988.12,0,0,11.91
Remarketing - Instagram,Automações,Instagram Ads,2024-11-29,2025-01-06,6985.68,45411,233403,19.46,13617,0.51,2817,2.48,2280127.5,32540.02,0,0,0.0
Promoção Relâmpago - Instagram,Tráfego Pago,Instagram Ads,2023-06-26,2023-08-06,9513.52,23311,203610,11.45,2858,3.33,80,118.92,27097.9,184.84,0,0,0.0
Promoção Relâmpago - TikTok,Design,TikTok Ads,2024-01-04,2024-01-31,9755.38,29267,340843,8.59,13008,0.75,2254,4.33,787193.79,7969.33,0,0,7.97
Remarketing - Facebook,Design,Facebook Ads,2023-09-11,2023-10-05,2016.52,36562,395577,9.24,7183,0.28,4042,0.5,1596300.35,79061.15,0,0,11.83
Lançamento Produto - Google,Design,Google Ads,2025-06-10,2025-06-26,3954.58,13807,133531,10.34,6780,0.58,1888,2.09,393075.02,9839.74,0,0,7.95
Campanha de Conversão - WhatsApp,Automações,WhatsApp,2025-03-31,2025-05-02,8277.94,38886,484418,8.03,9313,0.89,8178,1.01,16232513.32,195993.63,39,0,0.0
Black Friday - Email,Tráfego Pago,Email Marketing,2023-11-17,2023-12-05,6409.21,13677,447834,3.05,1963,3.27,1700,3.77,2450219.28,38129.66,0,0,0.0
Natal Antecipado - Email,Design,Email Marketing,2023-03-21,2023-04-18,3334.34,7758,61450,12.62,1295,2.57,827,4.03,777212.07,23209.32,0,0,6.97
Captação de Leads - Google,Automações,Google Ads,2025-05-12,2025-06-10,9960.32,19737,106252,18.58,3316,3.0,1534,6.49,2772783.26,27738.29,16,0,0.0
Captação de Leads - WhatsApp,Copywriting,WhatsApp,2024-05-04,2024-06-05,2520.81,8714,283033,3.08,2602,0.97,2574,0.98,2171328.85,86036.16,0,0,6.39
Campanha de Engajamento - TikTok,Tráfego Pago,TikTok Ads,2024-03-28,2024-05-01,4606.32,3904,174065,2.24,1431,3.22,566,8.14,927928.26,20044.68,0,0,0.0
Promoção Verão - Google,Automações,Google Ads,2023-08-07,2023-10-06,2390.22,10500,333024,3.15,1526,1.57,1496,1.6,1850721.7,77328.93,45,0,0.0
Promoção Verão - Facebook,Copywriting,Facebook Ads,2024-09-16,2024-11-04,4876.1,20585,135721,15.17,9905,0.49,1699,2.87,1564874.65,31992.75,0,0,4.9
Natal Antecipado - Google,Automações,Google Ads,2025-05-02,2025-06-17,7751.08,28636,338679,8.46,3458,2.24,1095,7.08,1918243.83,24648.08,1,0,0.0
Captação de Leads - TikTok,Automações,TikTok Ads,2025-06-04,2025-07-09,8585.59,7889,116283,6.78,2586,3.32,1513,5.67,2248445.57,26088.6,25,0,0.0
Remarketing - WhatsApp,Design,WhatsApp,2024-12-16,2025-01-13,4284.02,12192,490849,2.48,5428,0.79,3484,1.23,5010678.86,116862.08,0,0,14.59
Promoção Relâmpago - Email,Copywriting,Email Marketing,2023-06-25,2023-08-02,8153.44,25590,131974,19.39,7627,1.07,5809,1.4,4551342.49,55721.13,0,0,2.85
Lançamento Produto - Instagram,Design,Instagram Ads,2025-04-14,2025-06-11,6714.09,165,404071,0.04,69,97.31,61,110.07,76284.44,1036.18,0,0,14.09
Remarketing - Google,Social Media,Google Ads,2024-01-27,2024-02-25,7589.41,4016,38488,10.43,1429,5.31,584,13.0,866133.02,11312.39,0,3,2.87
Campanha de Conversão - Instagram,Design,Instagram Ads,2024-05-25,2024-07-18,6750.86,70416,435427,16.17,9105,0.74,62,108.88,64635.75,857.44,0,0,0.4
Captação de Leads - TikTok,Design,TikTok Ads,2023-05-05,2023-05-12,1701.44,9905,56987,17.38,4337,0.39,858,1.98,833445.27,48884.7,0,0,2.36
Lançamento Produto - Facebook,Tráfego Pago,Facebook Ads,2023-10-05,2023-11-08,2898.83,61480,383236,16.04,19669,0.15,14239,0.2,3859416.29,133037.03,0,0,0.0
Captação de Leads - Google,Design,Google Ads,2023-04-10,2023-05-02,8103.55,5727,189289,3.03,2594,3.12,221,36.67,94941.78,1071.61,0,0,0.97
Natal Antecipado - Facebook,Social Media,Facebook Ads,2023-10-15,2023-11-22,4295.31,40301,246637,16.34,14107,0.3,12682,0.34,22042121.9,513067.2,0,2,2.47
Anúncio Institucional - Facebook,Automações,Facebook Ads,2024-10-05,2024-11-02,457.43,33617,396080,8.49,12280,0.04,9969,0.05,19066339.42,4168043.63,34,0,0.0
Campanha de Engajamento - WhatsApp,Social Media,WhatsApp,2024-06-02,2024-07-06,1907.45,8782,44158,19.89,61,31.27,29,65.77,15846.85,730.79,0,20,8.01
Promoção Relâmpago - TikTok,Social Media,TikTok Ads,2025-06-11,2025-06-21,433.27,33626,373391,9.01,4254,0.1,890,0.49,1541716.75,355732.79,0,7,0.55
Black Friday - Facebook,Tráfego Pago,Facebook Ads,2024-07-16,2024-08-17,6992.73,21940,213099,10.3,3012,2.32,910,7.68,1731999.24,24668.57,0,0,0.0
Lançamento Produto - TikTok,Social Media,TikTok Ads,2024-04-12,2024-04-29,411.06,19666,268026,7.34,702,0.59,237,1.73,316686.51,76941.43,0,14,11.89
Remarketing - Facebook,Tráfego Pago,Facebook Ads,2024-09-24,2024-11-20,3354.6,2952,113190,2.61,327,10.26,241,13.92,457629.62,13541.85,0,0,0.0
Campanha de Engajamento - Facebook,Tráfego Pago,Facebook Ads,2024-03-12,2024-03-29,872.6,10529,255095,4.13,3933,0.22,657,1.33,263203.61,30063.15,0,0,0.0
Black Friday - Email,Tráfego Pago,Email Marketing,2024-02-08,2024-02-27,4953.39,90429,466876,19.37,14015,0.35,13515,0.37,18185538.9,367033.19,0,0,0.0
Lançamento Produto - Instagram,Automações,Instagram Ads,2023-05-22,2023-06-26,9699.16,2416,92644,2.61,895,10.84,546,17.76,465576.99,4700.18,42,0,0.0
Natal Antecipado - Instagram,Tráfego Pago,Instagram Ads,2023-03-24,2023-05-04,1488.97,17613,211322,8.33,4382,0.34,4118,0.36,2399931.82,161080.67,0,0,0.0
Anúncio Institucional - WhatsApp,Automações,WhatsApp,2025-04-14,2025-06-07,4232.34,18759,102213,18.35,4717,0.9,2888,1.47,1410564.19,33228.23,12,0,0.0
Promoção Relâmpago - Google,Design,Google Ads,2023-10-30,2023-11-16,9203.24,10654,59792,17.82,4512,2.04,2119,4.34,627664.69,6720.04,0,0,1.99
Anúncio Institucional - Instagram,Automações,Instagram Ads,2023-03-01,2023-03-19,5833.42,10796,61538,17.54,1894,3.08,833,7.0,1547928.55,26435.52,23,0,0.0
Remarketing - WhatsApp,Design,WhatsApp,2024-02-04,2024-03-05,4521.05,1767,13309,13.28,800,5.65,119,37.99,17879.19,295.47,0,0,2.89
Lançamento Produto - Facebook,Design,Facebook Ads,2023-12-29,2024-01-29,4820.08,31903,175174,18.21,8341,0.58,1146,4.21,1539624.36,31841.88,0,0,0.91
Lançamento Produto - TikTok,Tráfego Pago,TikTok Ads,2024-10-13,2024-12-06,6898.96,3941,43858,8.99,1910,3.61,1610,4.29,2805112.86,40559.94,0,0,0.0
Black Friday - Instagram,Copywriting,Instagram Ads,2024-12-12,2025-01-15,5343.8,29095,350850,8.29,7716,0.69,1671,3.2,390707.53,7211.42,0,0,11.77
Campanha de Engajamento - Instagram,Copywriting,Instagram Ads,2024-03-12,2024-05-08,2259.78,54687,273803,19.97,18775,0.12,14870,0.15,7018374.12,310477.76,0,0,13.24
Black Friday - WhatsApp,Automações,WhatsApp,2024-04-30,2024-05-20,579.96,23858,135369,17.62,10637,0.05,8728,0.07,13611399.9,2346854.95,14,0,0.0
Promoção Relâmpago - Facebook,Design,Facebook Ads,2024-07-04,2024-07-19,1040.94,3683,113908,3.23,189,5.51,168,6.2,306061.25,29302.39,0,0,6.3
Remarketing - Email,Copywriting,Email Marketing,2024-12-15,2024-12-28,7433.28,11900,179326,6.64,675,11.01,205,36.26,290061.38,3802.2,0,0,4.44
Remarketing - Google,Tráfego Pago,Google Ads,2024-05-01,2024-06-10,8471.98,31262,410266,7.62,5246,1.61,1148,7.38,1922302.45,22590.12,0,0,0.0
Campanha de Engajamento - Email,Social Media,Email Marketing,2024-02-13,2024-03-08,5536.53,89986,496444,18.13,8689,0.64,4865,1.14,8768254.38,158270.94,0,10,12.8
Promoção Relâmpago - Google,Tráfego Pago,Google Ads,2024-11-09,2025-01-06,3392.77,38087,256804,14.83,7924,0.43,1817,1.87,557513.3,16332.39,0,0,0.0
Promoção Verão - Facebook,Automações,Facebook Ads,2024-05-01,2024-05-27,8590.27,28107,148810,18.89,12371,0.69,9490,0.91,17871917.7,207948.38,45,0,0.0
Campanha de Engajamento - WhatsApp,Copywriting,WhatsApp,2025-05-21,2025-06-28,7354.24,2955,28117,10.51,792,9.29,280,26.27,179682.68,2343.25,0,0,13.15
Anúncio Institucional - Facebook,Social Media,Facebook Ads,2023-07-08,2023-08-14,9363.02,56860,308630,18.42,4192,2.23,514,18.22,244942.57,2516.06,0,6,1.48
Captação de Leads - Email,Copywriting,Email Marketing,2024-08-05,2024-08-16,9135.92,51716,285149,18.14,5510,1.66,4077,2.24,446805.93,4790.65,0,0,11.21
Promoção Verão - WhatsApp,Design,WhatsApp,2024-04-28,2024-05-12,3550.08,60167,416187,14.46,22482,0.16,4485,0.79,1858059.0,52238.51,0,0,12.57
Promoção Verão - TikTok,Automações,TikTok Ads,2024-10-28,2024-12-09,3658.99,35097,245076,14.32,4455,0.82,4294,0.85,2132213.45,58173.28,3,0,0.0
Promoção Relâmpago - Email,Social Media,Email Marketing,2024-01-02,2024-02-24,6424.61,29907,162098,18.45,2318,2.77,823,7.81,898625.41,13887.24,0,15,4.07
Anúncio Institucional - Email,Design,Email Marketing,2025-04-29,2025-06-10,747.24,25168,390152,6.45,5604,0.13,4403,0.17,2000056.57,267559.2,0,0,4.39
Campanha de Conversão - Facebook,Copywriting,Facebook Ads,2023-06-11,2023-08-06,6008.83,12479,101670,12.27,2712,2.22,2569,2.34,3943359.72,65526.08,0,0,14.32
Remarketing - Instagram,Social Media,Instagram Ads,2023-08-14,2023-08-24,3715.48,18142,266763,6.8,2615,1.42,852,4.36,626974.15,16774.65,0,18,3.12
Natal Antecipado - Instagram,Tráfego Pago,Instagram Ads,2024-07-07,2024-08-30,891.94,4698,47983,9.79,2070,0.43,1664,0.54,1099244.54,123141.98,0,0,0.0
Natal Antecipado - Instagram,Social Media,Instagram Ads,2025-04-16,2025-04-29,5805.95,43594,235993,18.47,3614,1.61,165,35.19,166334.19,2764.89,0,1,0.1
Promoção Verão - Google,Social Media,Google Ads,2024-06-22,2024-07-09,6796.05,1788,38832,4.6,104,65.35,81,83.9,72278.85,963.54,0,30,5.53
Anúncio Institucional - WhatsApp,Copywriting,WhatsApp,2025-05-14,2025-07-07,8446.99,71515,470897,15.19,266,31.76,208,40.61,141820.77,1578.95,0,0,0.27
Campanha de Engajamento - Google,Design,Google Ads,2024-05-30,2024-07-25,2557.68,11328,204231,5.55,898,2.85,227,11.27,375107.32,14565.92,0,0,13.51
Promoção Relâmpago - Email,Tráfego Pago,Email Marketing,2023-03-30,2023-04-14,6659.02,10227,498115,2.05,4518,1.47,1698,3.92,2853261.16,42748.06,0,0,0.0
Promoção Relâmpago - Facebook,Social Media,Facebook Ads,2023-02-09,2023-02-22,1417.61,14678,131275,11.18,5077,0.28,607,2.34,574531.5,40428.18,0,6,2.15
Remarketing - Google,Design,Google Ads,2023-02-08,2023-04-07,8764.98,45150,441999,10.21,7706,1.14,6744,1.3,9419830.75,107371.22,0,0,9.99
Remarketing - Email,Tráfego Pago,Email Marketing,2024-02-29,2024-03-12,3129.61,1912,96272,1.99,740,4.23,540,5.8,678652.81,21584.9,0,0,0.0
Black Friday - WhatsApp,Automações,WhatsApp,2024-03-13,2024-05-07,1522.0,68826,348043,19.78,9353,0.16,6300,0.24,6139903.03,403310.19,36,0,0.0
Lançamento Produto - Instagram,Social Media,Instagram Ads,2025-06-05,2025-07-13,726.64,7150,89375,8.0,1900,0.38,1235,0.59,2152582.79,296137.86,0,5,4.68
Campanha de Engajamento - Google,Tráfego Pago,Google Ads,2025-02-15,2025-04-03,5700.67,6098,52229,11.68,675,8.45,325,17.54,463603.82,8032.44,0,0,0.0
Promoção Verão - Email,Tráfego Pago,Email Marketing,2025-06-22,2025-07-12,3510.86,33109,258153,12.83,14532,0.24,6150,0.57,11687995.31,332809.75,0,0,0.0
Campanha de Conversão - Facebook,Copywriting,Facebook Ads,2024-05-25,2024-07-21,2102.26,92181,498818,18.48,12348,0.17,9696,0.22,9580228.75,455610.94,0,0,5.89
Lançamento Produto - Email,Design,Email Marketing,2024-04-25,2024-06-14,5564.58,7077,35505,19.93,432,12.88,401,13.88,623365.62,11102.38,0,0,10.16
Captação de Leads - WhatsApp,Automações,WhatsApp,2024-02-25,2024-03-15,7762.18,57472,289072,19.88,20058,0.39,16729,0.46,8287813.17,106671.72,46,0,0.0
Promoção Relâmpago - Google,Social Media,Google Ads,2024-10-02,2024-11-02,4946.81,57699,323437,17.84,14613,0.34,6742,0.73,10435289.96,210849.88,0,15,4.75
Campanha de Conversão - TikTok,Social Media,TikTok Ads,2023-05-28,2023-07-20,3191.97,21596,112045,19.27,5107,0.63,3947,0.81,7382453.46,231182.04,0,25,3.27
Promoção Relâmpago - Instagram,Design,Instagram Ads,2023-12-04,2024-01-02,6973.95,10751,118387,9.08,3887,1.79,2544,2.74,1162346.16,16566.97,0,0,14.66
Campanha de Conversão - Instagram,Automações,Instagram Ads,2024-07-26,2024-08-21,1383.96,16482,134773,12.23,8105,0.17,7147,0.19,1334951.35,96358.81,12,0,0.0
Lançamento Produto - Email,Copywriting,Email Marketing,2023-07-16,2023-08-06,2712.35,76751,455291,16.86,14797,0.18,1761,1.54,1274684.93,46895.59,0,0,1.78
Anúncio Institucional - TikTok,Copywriting,TikTok Ads,2023-08-04,2023-09-21,8579.03,3140,15827,19.84,377,22.76,57,150.51,94799.69,1005.02,0,0,11.44
Remarketing - WhatsApp,Social Media,WhatsApp,2025-05-20,2025-07-17,4839.05,29911,159847,18.71,898,5.39,282,17.16,38452.02,694.62,0,11,9.59
Remarketing - Email,Copywriting,Email Marketing,2024-09-25,2024-11-14,9906.58,51306,449423,11.42,16385,0.6,9203,1.08,16953411.05,171032.83,0,0,11.65
Promoção Verão - Instagram,Automações,Instagram Ads,2024-08-14,2024-09-19,8780.95,14204,355656,3.99,2125,4.13,903,9.72,1191527.2,13469.46,50,0,0.0
Campanha de Engajamento - WhatsApp,Copywriting,WhatsApp,2025-04-09,2025-05-23,1747.6,9707,57000,17.03,4293,0.41,2500,0.7,4350573.33,248845.6,0,0,14.5
Natal Antecipado - Facebook,Tráfego Pago,Facebook Ads,2023-01-12,2023-02-24,5683.49,88512,476821,18.56,9010,0.63,601,9.46,534887.21,9311.25,0,0,0.0
Captação de Leads - TikTok,Tráfego Pago,TikTok Ads,2025-05-16,2025-06-09,4913.97,2979,20233,14.72,1195,4.11,977,5.03,987927.8,20004.47,0,0,0.0
Campanha de Conversão - Instagram,Copywriting,Instagram Ads,2025-04-03,2025-04-21,7379.12,456,8034,5.68,168,43.92,157,47.0,107738.04,1360.04,0,0,6.32
Campanha de Conversão - Facebook,Automações,Facebook Ads,2024-07-04,2024-08-07,968.38,58427,371188,15.74,17114,0.06,7477,0.13,5347255.02,552085.61,25,0,0.0
Black Friday - TikTok,Tráfego Pago,TikTok Ads,2023-02-12,2023-04-05,5666.1,24482,134201,18.24,6258,0.91,2803,2.02,337928.9,5864.05,0,0,0.0
Promoção Relâmpago - TikTok,Design,TikTok Ads,2024-08-26,2024-09-14,2023.64,33272,400368,8.31,1489,1.36,307,6.59,240489.2,11783.99,0,0,11.07
Black Friday - Instagram,Copywriting,Instagram Ads,2023-08-16,2023-10-15,6287.05,8414,400743,2.1,684,9.19,636,9.89,1058091.08,16729.69,0,0,4.1
Promoção Verão - Facebook,Design,Facebook Ads,2025-03-29,2025-04-06,1227.21,4048,325755,1.24,415,2.96,397,3.09,310827.94,25228.02,0,0,6.27
Captação de Leads - TikTok,Social Media,TikTok Ads,2025-06-26,2025-08-05,1364.75,21770,217090,10.03,8753,0.16,5987,0.23,10334988.95,757180.74,0,19,8.26
Campanha de Engajamento - Email,Design,Email Marketing,2023-04-19,2023-05-10,6527.34,48229,329310,14.65,9957,0.66,9195,0.71,16097963.67,246523.64,0,0,2.83
Campanha de Conversão - Instagram,Copywriting,Instagram Ads,2024-06-24,2024-08-12,1603.99,2978,100330,2.97,1114,1.44,656,2.45,323836.04,20089.41,0,0,14.51
Promoção Verão - Google,Copywriting,Google Ads,2024-08-23,2024-09-16,3790.28,4750,192102,2.47,1098,3.45,132,28.71,180274.62,4656.23,0,0,0.47
Anúncio Institucional - TikTok,Automações,TikTok Ads,2023-09-23,2023-11-10,7354.23,6517,205997,3.16,301,24.43,253,29.07,305893.54,4059.42,36,0,0.0
Remarketing - Google,Design,Google Ads,2025-06-26,2025-08-23,604.45,33736,192425,17.53,265,2.28,250,2.42,47903.76,7825.18,0,0,4.09
Campanha de Engajamento - TikTok,Copywriting,TikTok Ads,2024-07-27,2024-08-29,6403.22,40453,232639,17.39,19579,0.33,4779,1.34,7959746.52,124208.5,0,0,7.87
Captação de Leads - Instagram,Automações,Instagram Ads,2024-03-27,2024-04-25,2762.23,17443,106364,16.4,4720,0.59,3868,0.71,5013386.01,181397.78,16,0,0.0
Captação de Leads - Facebook,Automações,Facebook Ads,2024-02-10,2024-03-15,1907.17,90149,471370,19.12,36464,0.05,22144,0.09,5195462.61,272317.38,17,0,0.0
Remarketing - Email,Social Media,Email Marketing,2024-09-17,2024-10-28,390.2,63199,381828,16.55,4250,0.09,102,3.83,170429.33,43577.43,0,25,7.46
Anúncio Institucional - TikTok,Social Media,TikTok Ads,2024-09-01,2024-09-18,8691.33,15524,177129,8.76,4708,1.85,2558,3.4,4931931.1,56645.41,0,27,0.77
Captação de Leads - TikTok,Automações,TikTok Ads,2024-09-12,2024-09-19,7068.44,27284,430305,6.34,156,45.31,55,128.52,34622.74,389.82,50,0,0.0
Remarketing - Google,Copywriting,Google Ads,2024-02-15,2024-04-01,7687.91,11629,154356,7.53,2224,3.46,1368,5.62,2030185.2,26307.5,0,0,5.25
Natal Antecipado - Email,Design,Email Marketing,2024-01-26,2024-02-23,7572.94,2679,28571,9.38,522,14.51,276,27.44,183255.59,2319.87,0,0,13.7
Campanha de Conversão - Email,Tráfego Pago,Email Marketing,2023-09-06,2023-10-10,9815.39,17059,87530,19.49,891,11.02,406,24.18,765581.96,7699.81,0,0,0.0
Remarketing - TikTok,Social Media,TikTok Ads,2025-02-05,2025-03-08,3730.76,1181,7276,16.23,97,38.46,63,59.22,112428.33,2913.55,0,1,11.14
Lançamento Produto - Google,Copywriting,Google Ads,2025-02-16,2025-03-08,8288.6,6495,52115,12.46,2392,3.47,2242,3.7,1674359.24,20100.75,0,0,2.58
Anúncio Institucional - Facebook,Tráfego Pago,Facebook Ads,2025-03-31,2025-05-15,8132.86,41231,301877,13.66,12328,0.66,4557,1.78,5426992.81,66629.2,0,0,0.0
Campanha de Conversão - Email,Social Media,Email Marketing,2024-10-28,2024-12-04,5909.26,27011,339121,7.97,12159,0.49,8435,0.7,1258105.05,21190.4,0,27,3.33
Campanha de Engajamento - Email,Tráfego Pago,Email Marketing,2025-04-30,2025-06-21,3969.96,52019,353565,14.71,11033,0.36,4296,0.92,8540763.59,215034.75,0,0,0.0
Campanha de Engajamento - Facebook,Design,Facebook Ads,2025-01-16,2025-03-03,7688.46,5152,363990,1.42,133,57.81,13,591.42,8070.91,4.97,0,0,11.75
Promoção Verão - Email,Automações,Email Marketing,2023-12-15,2023-12-29,470.38,18920,395266,4.79,8674,0.05,3357,0.14,6560777.75,1394682.46,18,0,0.0
Captação de Leads - Facebook,Design,Facebook Ads,2024-11-07,2024-12-09,7175.27,29176,462963,6.3,5387,1.33,524,13.69,672000.79,9265.51,0,0,5.69
Campanha de Conversão - Email,Design,Email Marketing,2024-11-01,2024-11-29,5476.67,44431,345344,12.87,3468,1.58,777,7.05,1483160.35,26981.43,0,0,8.85
Natal Antecipado - Instagram,Automações,Instagram Ads,2023-05-02,2023-05-26,3752.77,33229,384615,8.64,13791,0.27,1940,1.93,3420820.89,91054.56,0,0,0.0
Campanha de Engajamento - Facebook,Tráfego Pago,Facebook Ads,2024-07-17,2024-08-24,1470.18,39956,223768,17.86,1728,0.85,615,2.39,1219847.66,82872.67,0,0,0.0
